Title,Abstract,Journal
,,
"Research Spotlights"">Research Spotlights",,Information Systems Research
,,
"Mitigating Traffic Congestion: The Role of Intelligent Transportation Systems"">Mitigating Traffic Congestion: The Role of Intelligent Transportation Systems","Despite massive investments in transportation infrastructure, traffic congestion remains a major societal and public policy problem. Intelligent transportation systems (ITS) have been proposed as a potential solution to this challenge, but their effectiveness has remained unclear in both research and practice. To understand whether and how ITS affect traffic congestion, we consolidate a unique longitudinal data set on road traffic and the deployment of a large federally supported ITS program in the United States\xe2\x80\x94511 systems\xe2\x80\x94in 99 urban areas between 1994 and 2014. The difference-in-differences estimates show that the adoption of 511 systems is associated with a significant decrease in traffic congestion, saving over $4.7 billion dollars and 175 million hours in travel time annually in U.S. cities. 511 systems also reduce about 53 million gallons of fossil fuel consumption and over 10 billion pounds of CO<sub>2</sub> emissions. We offer two theoretical explanations for this effect: (i) ITS help individual commuters to make better travel decisions, and (ii) ITS help local governments to develop an urban traffic management capability. Empirical evidence supports the underlying theoretical mechanisms and shows that ITS help commuters to schedule travel more efficiently, choose better navigation routes, and optimize their work-trip transportation mode. Second, the effect of ITS is contingent on road supply and public transit services. We also find that the traffic-reducing effect of ITS is larger when commuters use more online services for traffic information and when state governments incorporate more functionalities into their 511 systems. This study contributes to the literature on IT capabilities, public-sector IT value, and the societal impact of IT, while also extending the transportation economics to IT-enabled traffic interventions. Finally, we inform policymakers of ITS as a cost-effective means to mitigating traffic congestion.",Information Systems Research
,,
"Eye-Tracking-Based Classification of Information Search Behavior Using Machine Learning: Evidence from Experiments in Physical Shops and Virtual Reality Shopping Environments"">Eye-Tracking-Based Classification of Information Search Behavior Using Machine Learning: Evidence from Experiments in Physical Shops and Virtual Reality Shopping Environments","Classifying information search behavior helps tailor recommender systems to individual customers\xe2\x80\x99 shopping motives. But how can we identify these motives without requiring users to exert too much effort? Our research goal is to demonstrate that eye tracking can be used at the point of sale to do so. We focus on two frequently investigated shopping motives: goal-directed and exploratory search. To train and test a prediction model, we conducted two eye-tracking experiments in front of supermarket shelves. The first experiment was carried out in immersive virtual reality; the second, in physical reality\xe2\x80\x94in other words, as a field study in a real supermarket. We conducted a virtual reality study, because recently launched virtual shopping environments suggest that there is great interest in using this technology as a retail channel. Our empirical results show that support vector machines allow the correct classification of search motives with 80% accuracy in virtual reality and 85% accuracy in physical reality. Our findings also imply that eye movements allow shopping motives to be identified relatively early in the search process: our models achieve 70% prediction accuracy after only 15 seconds in virtual reality and 75% in physical reality. Applying an ensemble method increases the prediction accuracy substantially, to about 90%. Consequently, the approach that we propose could be used for the satisfiable classification of consumers in practice. Furthermore, both environments\xe2\x80\x99 best predictor variables overlap substantially. This finding provides evidence that in virtual reality, information search behavior might be similar to the one used in physical reality. Finally, we also discuss managerial implications for retailers and companies that are planning to use our technology to personalize a consumer assistance system.",Information Systems Research
,,
"Optimizing Two-Sided Promotion for Transportation Network Companies: A Structural Model with Conditional Bayesian Learning"">Optimizing Two-Sided Promotion for Transportation Network Companies: A Structural Model with Conditional Bayesian Learning","The mobile app of a transportation network company (TNC) has reshaped the taxi business model by providing new features and allowing the TNC platform to run a diverse two-sided sales promotion to help introduce those new features. We investigate the economic value of this app and how drivers build an initial preference for passenger matching, the cancellation feature, and online pay as well as how a two-sided sales promotion affects drivers\xe2\x80\x99 willingness to use the TNC app. We estimate a structural model of drivers\xe2\x80\x99 decisions to accept orders and to cancel generated orders and their perception of passengers\xe2\x80\x99 willingness to utilize a sales promotion. Bayesian learning processes are introduced to account for drivers\xe2\x80\x99 learning new features. We find evidence of the economic value of new features on a TNC app and drivers\xe2\x80\x99 learning about the value of those features. Our results show that a platform subsidy and bids from passengers might signal low quality of service, and that platform cashback to passengers has a positive effect on drivers by increasing drivers\xe2\x80\x99 chances of being rewarded. Our results further indicate that the substantial value of early promotion not only encourages current usage but also fosters learning that sustains drivers\xe2\x80\x99 continued use of the app, and show how cashback for passengers affects the decisions of drivers. Finally, our policy simulations show improved performance with regard to drivers\xe2\x80\x99 willingness to use the app as well as its cost effectiveness.",Information Systems Research
,,
"When Online Lending Meets Real Estate: Examining Investment Decisions in Lending-Based Real Estate Crowdfunding"">When Online Lending Meets Real Estate: Examining Investment Decisions in Lending-Based Real Estate Crowdfunding","In lending-based real estate crowdfunding, borrowers are required to pledge their housing properties as collateral to secure the loans. This nascent practice differs from ordinary peer-to-peer lending in that lenders, to make sound investment decisions, need to process additional information other than basic loan attributes. We examine how lender behavior of investing in real-estate-secured loans is shaped by information that is particularly relevant in such an emerging market. We collect and analyze the data from a large lending-based real estate crowdfunding platform, where each loan is secured by either a mortgage (a mortgage-secured or MS loan) or a borrower\xe2\x80\x99s own house (a house-secured or HS loan). Our analysis reveals that lender decisions of <i>how fast to invest</i> and <i>how much to invest</i> are influenced by both <i>on-platform</i> and <i>off-platform</i> information. For on-platform information, we find that lenders as a whole prefer HS loans to MS loans, as reflected in quicker and larger lending transactions. Experienced lenders tend to invest more aggressively, in both time and amount, but exhibit a weaker preference for HS loans as compared with their inexperienced counterparts. As to off-platform information, our results show that a rise in housing prices is associated with quicker investment decisions, and this association is found to be even stronger on HS loans. Further, when stock market volatility is large, lenders tend to slow down their investment behavior; however, we find such a tendency weaker on MS loans. This research contributes to the literature by establishing relationships between crowdfunding activities, housing prices and stock market performance. Our findings also provide implications for managers and platform designers who desire to stimulate and leverage the fundraising momentum.",Information Systems Research
,,
"Finding Useful Solutions in Online Knowledge Communities: A Theory-Driven Design and Multilevel Analysis"">Finding Useful Solutions in Online Knowledge Communities: A Theory-Driven Design and Multilevel Analysis","Online communities and social collaborative platforms have become an increasingly popular avenue for knowledge sharing and exchange. In these communities, users often engage in informal conversations responding to questions and answers, and over time, they produce a huge amount of highly unstructured and implicit knowledge. How to effectively manage the knowledge repository and identify useful solutions thus becomes a major challenge. In this study, we propose a novel text analytic framework to extract important features from online forums and apply them to classify the usefulness of a solution. Guided by the design science research paradigm, we utilize a kernel theory of the knowledge adoption model, which captures a rich set of argument quality and source credibility features as the predictors of information usefulness. We test our framework on two large-scale knowledge communities: the Apple Support Community and Oracle Community. Our extensive analysis and performance evaluation illustrate that the proposed framework is both effective and efficient in predicting the usefulness of solutions embedded in the knowledge repository. We highlight the theoretical implications of the study as well as the practical applications of the framework to other domains.",Information Systems Research
,,
"A Switch in Time Saves the Dime: A Model to Reduce Rental Cost in Cloud Computing"">A Switch in Time Saves the Dime: A Model to Reduce Rental Cost in Cloud Computing","The goal to continually reduce operating costs while meeting computational needs is common to all modern organizations that use cloud computing. We study the problem of selecting computing resources with the goal of minimizing the total rental cost of completing a computing task in the presence of a time constraint. The problem is formulated as a scheduling problem that assigns computing resources to time periods of the planning horizon (time available to complete a single computing task). This (NP-hard) preemptive-resume type scheduling problem\xe2\x80\x94new to the scheduling literature\xe2\x80\x94has not been carefully addressed in practice to provide an implementable solution. Typically, the approach taken in practice is to use a single resource (a single virtual machine instance, or a cluster of identical virtual machine instances) to complete a computing task. The main insight of this study is that rather than completing a computing task using a single computing resource, rental costs can be significantly lowered by using a few resources (sometimes even just two) to complete the task. Thus, the computing task is switched from one resource to another to exploit the cloud provider\xe2\x80\x99s price-performance schedule. Cloud computing has been recognized as an economically attractive computing environment whose adoption has been growing over time. However, providers (such as Amazon Web Services) offer a confusing and diverse set of computing resources with different configurations and unit rental costs. Our near-optimal solution is based on switching the computing task from one resource to another in way that leverages the relationship between the price and performance of the available computing resources. The performance of a given resource can vary randomly as well as be correlated with the performance of another (stronger or weaker) resource. We present a worst-case performance guarantee of the proposed solution. In addition, we study the performance using a detailed computational study and a real-world example of an actual company that can benefit from our proposed solution. In the computational study as well as the real-world example, the cost of our solution is usually about 15%\xe2\x80\x9325% lower than the benchmark solution of using the best single computing resource to process the computing task. Practicing information technology managers can use our approach to migrate in-house solutions to the cloud in a cost-effective manner.",Information Systems Research
,,
"Video Killed the Radio Star? Online Music Videos and Recorded Music Sales"">Video Killed the Radio Star? Online Music Videos and Recorded Music Sales","We study the heterogeneous effects of online video platforms on the sales volume and sales distribution of recorded music. Identification comes from two natural experiments in Germany. In 2009, virtually all music videos were blocked from YouTube as a result of a legal dispute. In 2013, the dedicated platform Vevo entered the market, making videos of a large number of artists available overnight. Our estimates suggest that restricting (enabling) access to online videos decreases (increases) recorded music sales on average by about 5%\xe2\x80\x9310%. We show that the effect operates independently of the nature of video content, suggesting that user-generated content is as effective as official content. Moreover, we highlight heterogeneity in this effect: online music videos disproportionally benefit sales of new artists and sales of mainstream music.",Information Systems Research
,,
"Unemployment and Digital Public Goods Contribution"">Unemployment and Digital Public Goods Contribution","Economic crises often result in massive job loss. However, although reduced employment has been shown to have many negative consequences for the affected individuals, it may also push them into new activities, such as provision of service to their communities. In this paper, we show how individuals engage in <i>socially useful</i> activities after an increase in unemployment. Specifically we document increased online content generation at Wikipedia, the world\xe2\x80\x99s largest user generated knowledge repository. Leveraging German district-level and European country-level unemployment data we analyze the relationship between the economic crisis in 2008\xe2\x80\x932010 and contributions to Wikipedia. For both data sets we find increased socially valuable activity in the form of knowledge acquisition and contributions to Wikipedia. For German districts, we observe an increased rate of content generation on Wikipedia in districts that faced greater increases in unemployment. The effect of unemployment on content generation is even stronger at the European country level. Our findings suggest that public goods provision increases as a positive side effect of economic crises.",Information Systems Research
,,
"Examining the Heterogeneous Impact of Ride-Hailing Services on Public Transit Use"">Examining the Heterogeneous Impact of Ride-Hailing Services on Public Transit Use","We examine the impact that ride-hailing services have had on the demand for different modes of public transit in the United States, with a particular focus on understanding heterogeneity in the effects. We assess these effects using a panel data set that combines information on public transit utilization (from the Federal Transit Administration) with information on ride-hailing providers\xe2\x80\x99 staggered arrival into different locations, based on public press releases and newspaper reports. Our analysis indicates that, on average, ride-hailing services have led to significant reductions in the utilization of city bus services while increasing utilization of commuter rail services. These average effects are also subject to a great deal of contextual heterogeneity, depending on the size of the local population, rates of violent crime, weather, gas prices, transit riders\xe2\x80\x99 average trip distance, and the overall quality of public transit options. We demonstrate the robustness of our findings to alternative model specifications. Our findings contribute to the prior literature on technology substitution and complementarity and suggest explanations for contradictory findings that have been reported on ride-hailing\xe2\x80\x99s influence on public transit demand. We also offer useful insights for policymakers, highlighting the nuanced implications of ride-hailing services for different transit operators, depending on the local context.",Information Systems Research
,,
"When Loyalty Goes Mobile: Effects of Mobile Loyalty Apps on Purchase, Redemption, and Competition"">When Loyalty Goes Mobile: Effects of Mobile Loyalty Apps on Purchase, Redemption, and Competition","Avenues for the delivery of loyalty programs have rapidly shifted from plastic card schemes to mobile app\xe2\x80\x93based initiatives, yet our understanding of the economic value presented by the latter (i.e., loyalty apps) has not kept pace with this development. We examine the effects of loyalty app adoption on customers\xe2\x80\x99 offline purchase patterns, reward redemption, and deal-prone behaviors as well as store-level competition in a multivendor loyalty program (MVLP) context, where multiple offline brands collaborate in the operation of point-sharing initiatives. Mobile-driven loyalty apps substantially lower consumer search costs, thereby enhancing on-demand information accessibility and facilitating the monitoring of reward points. Based on a unique data set that comprises information on customers\xe2\x80\x99 loyalty app adoption status, loyalty point redemption patterns, and purchase behaviors in MVLP environments, we investigate how the transition from plastic-based programs to loyalty apps influences the out-of-pocket spending and point redemption patterns of consumers. Our findings reveal that the adoption of loyalty apps is associated with an increase in purchases and the predilection for point redemption. Despite these positive outcomes, however, potential adverse consequences may arise in the form of deal-susceptible behaviors and reduced store-specific loyalty. Loyalty app adopters tend to be more vulnerable to deals, with these customers selectively buying highly discounted products of low margin. Additionally, loyalty app consumers visit more stores but spend less in a focal store, thereby diminishing loyalty to this specific store. These results have managerial implications on optimal mobile-based loyalty program designs and implementation, reward-driven platform strategies, and risk management initiatives in an MVLP setting.",Information Systems Research
,,
"Cloud Services vs. On-Premises Software: Competition Under Security Risk and Product Customization"">Cloud Services vs. On-Premises Software: Competition Under Security Risk and Product Customization","Cloud computing services are transforming business and government at an ever-increasing rate. The associated security risk and low customization capability, however, create challenges for the adoption of cloud services. In this paper, we construct a game-theoretical model that involves two vendors\xe2\x80\x94one that provides cloud service on a pay-per-use basis and the other that sells on-premises software at a one-time licensing fee\xe2\x80\x94and consumers who are heterogeneous in their usage frequencies in an environment in which negative security externalities are present. We study the competitive implications of security risk and product customization capability on consumer purchase choice and vendors\xe2\x80\x99 pricing and investment strategies. Although it is generally believed that cloud services are more vulnerable to security breaches, our results demonstrate that in high-security-loss environments in which consumers incur a large loss per use if struck by attacks, using cloud service yields a lower average expected loss for consumers compared with on-premises software. By endogenizing vendors\xe2\x80\x99 investment decisions on security and customization, our investigation highlights that in low-security-loss environments, the cloud vendor has no incentive to invest effort in reducing security risk, but the on-premises vendor will increase security investment when the probability of attacks on its product becomes higher. We also find that the on-premises vendor\xe2\x80\x99s security and customization investments act as strategic substitutes in low-security-loss environments and, under certain conditions, complements in high-security-loss environments. We further examine welfare-maximizing security investments and find that the socially optimal investment requires greater effort to improve cloud security in low-security-loss environments and to improve on-premises software security in high-security-loss environments.",Information Systems Research
,,
"Matching Mobile Applications for Cross-Promotion"">Matching Mobile Applications for Cross-Promotion","The mobile applications (apps) market is one of the most successful software markets. As the platform grows rapidly, with millions of apps and billions of users, search costs are increasing tremendously. The challenge is how app developers can target the right users with their apps and how consumers can find the apps that fit their needs. Cross-promotion, advertising a mobile app (target app) in another app (source app), is introduced as a new app-promotion framework to alleviate the issue of search costs. In this paper, we model source app user behaviors (downloads and postdownload usages) with respect to different target apps in cross-promotion campaigns. We construct a novel app similarity measure using latent Dirichlet allocation topic modeling on apps\xe2\x80\x99 production descriptions and then analyze how the similarity between the source and target apps influences users\xe2\x80\x99 app download and usage decisions. To estimate the model, we use a unique data set from a large-scale random matching experiment conducted by a major mobile advertising company in Korea. The empirical results show that consumers prefer more diversified apps when they are making download decisions compared with their usage decisions, which is supported by the psychology literature on people\xe2\x80\x99s variety-seeking behavior. Lastly, we propose an app-matching system based on machine-learning models (on app download and usage prediction) and generalized deferred acceptance algorithms. The simulation results show that app analytics capability is essential in building accurate prediction models and in increasing ad effectiveness of cross-promotion campaigns and that, at the expense of privacy, individual user data can further improve the matching performance. This paper has implications on the trade-off between utility and privacy in the growing mobile economy.",Information Systems Research
,,
"Different but Equal? A Field Experiment on the Impact of Recommendation Systems on Mobile and Personal Computer Channels in Retail"">Different but Equal? A Field Experiment on the Impact of Recommendation Systems on Mobile and Personal Computer Channels in Retail","The benefits of recommendation systems in online retail contexts have received much attention in prior work. Much of this work has been conducted in personal computer (PC)\xe2\x80\x93based settings, although mobile devices are becoming increasingly central to the online shopping experience. It remains to be examined if the effects of recommendation systems in retail differ across these two channels, in terms of customer-level decision outcomes. In this paper, we examine these differences in some detail, studying how product views and sales attributed to a recommendation system are different across mobile and PC-based channels. Further, we examine how the effect of a recommendation system across channels influences sales diversity, an important outcome in the retail industry. We conduct our analysis using a randomized field experiment, conducted in partnership with an online retailing firm in South Korea, where the experimental treatment is access to a recommendation system. Our results show that the use of recommendation systems enhances customer-level outcomes, such as views and sales of recommended products, clickthrough rate, and conversion. More importantly, the marginal impacts of the recommendation system are significantly higher for mobile users, indicating that the higher search costs imposed through mobile devices are more effectively reduced through recommendation systems. With respect to sales diversity, we observe that although the mobile channel leads to more diverse sales, we see no interaction effects of the recommendation system and mobile use on sales diversity. These results provide boundary conditions for the efficacy of recommendation systems in retail contexts where online sales occur across both PC-based and mobile channels. We discuss the managerial implications of these results for online retailers and conclude with opportunities for further research.",Information Systems Research
,,
"More than Words in Medical Question-and-Answer Sites: A Content-Context Congruence Perspective"">More than Words in Medical Question-and-Answer Sites: A Content-Context Congruence Perspective","Given the popularity and prevalence of medical question-and-answer (Q&amp;A) services, it is increasingly important to understand what constitutes a helpful answer in the medical domain. Prior studies on user-generated content have examined the independent impacts of content and source characteristics on reader perception of the content\'s value. In the setting of medical Q&amp;A sites, we propose a novel content-context congruence perspective with a focus on the role of congruence between an answer\xe2\x80\x99s content and the answer\xe2\x80\x99s contextual cues. Specifically, we identify two types of contextual cues critical in this unique setting\xe2\x80\x94the language attributes (i.e., concreteness and emotional intensity) of the <i>question\xe2\x80\x99s</i> content, and the acuteness of the <i>disease</i> to which the question is related. Building on the priming literature and construal-level theory, we hypothesize that an answer will be perceived as more helpful if the language attributes of the answer\xe2\x80\x99s content are congruent with those of the preceding question, and if they are congruent with the disease\xe2\x80\x99s acuteness. Analyses of a unique data set from WebMD Answers provide empirical evidence for our theoretical model. This research deepens our understanding of readers\xe2\x80\x99 value judgment of online medical information, demonstrates the importance of considering the congruence of content with contextual cues, and opens up exciting opportunities for future research to explore the role of content-context congruence in all varieties of user-generated content. Our findings also provide direct practical implications for knowledge contributors and Q&amp;A sites.",Information Systems Research
,,
"Developing and Testing a Theoretical Path Model of Web Page Impression Formation and Its Consequence"">Developing and Testing a Theoretical Path Model of Web Page Impression Formation and Its Consequence","Impressions at first glance matter in the digital world in that they could lead to lasting impact on credibility perceptions, usage intention, and user satisfaction. Past studies have found that much of impression formation is affected by visual design-related features. Despite its importance, little is known of how different forms of visual aesthetics (i.e., classical vs. expressive aesthetics) influence web page impression formation. Drawing on impression formation literature and cue utilization theory, we formulate a theoretical model of web page impression formation with a temporal sequence of processing stages: automatic processing, initial perception confirmation, and impression formation, which in turn affects approach-avoidance tendency. We conduct two within-subject studies to collect both self-reported and eye movement data to test our predictions. Using real-world web pages as stimuli, the first study reveals that people engage in both automatic processing and attentive processing to form web page impressions, and arousal (measured by pupil size) shapes how people allocate attention (measured by peak duration and fixation count) to visual aesthetics. Using web pages with manipulated aesthetics in the second study, we illuminate the theoretical logic of web page impression formation by showing that people first engage in automatic processing and then engage in attentive processing. Both studies provide strong empirical support for the mediating role of arousal on the effects of visual aesthetics on attention allocation. These findings contribute to an initial theoretical understanding of visual aesthetics effects on impression formation in the digital world and provide important implications for website designers.",Information Systems Research
,,
"A Tangled Web: Should Online Review Portals Display Fraudulent Reviews?"">A Tangled Web: Should Online Review Portals Display Fraudulent Reviews?","The growing interest in online product reviews for legitimate promotion has been accompanied by an increase in fraudulent reviews. However, beyond algorithms for initial fraud detection, little is known about what review portals should do with fraudulent reviews <i>after</i> detecting them. In this paper, we address this question by studying how consumers respond to potentially fraudulent reviews and how review portals can leverage this knowledge to design better fraud management policies. To do this, we combine theoretical development from the trust literature with randomized experiments and statistical analysis using large-scale data from Yelp. We find that consumers tend to increase their trust in the information provided by review portals when the portal displays fraudulent reviews along with non-fraudulent reviews, as opposed to the common practice of censoring suspected fraudulent reviews. The impact of fraudulent reviews on consumers\xe2\x80\x99 decision-making process increases with the uncertainty in the initial evaluation of product quality. We also find that consumers do not effectively process the content of fraudulent reviews (negative or positive). This result furthers the case for a decision heuristic that will incorporate the motivational differences between positive fraudulent reviews and negative fraudulent reviews to effectively aid consumers\xe2\x80\x99 decision making.",Information Systems Research
,,
"Does Telemedicine Reduce Emergency Room Congestion? Evidence from New York State"">Does Telemedicine Reduce Emergency Room Congestion? Evidence from New York State","Overcrowding in emergency rooms (ERs) is a common yet nagging problem. It not only is costly for hospitals but also compromises care quality and patient experience. Hence, finding effective ways to improve ER care delivery is of great importance. Using a large data set covering all emergency visits in New York State from 2010 to 2014, we investigate whether telemedicine enhances ER care delivery. We show that, on average, telemedicine availability in the ER significantly reduces average patients\xe2\x80\x99 length of stay (LOS), which is partially driven by the flexible resource allocation. Specifically, the adoption of telemedicine leads to a larger reduction in ER LOS when there is a demand surge or supply shortage. Furthermore, such improvement is not a by-product of other widely adopted health IT applications and does not come at the expense of care quality or patient cost. We also replicate the analysis using annual U.S. hospital data and find that ER telemedicine adoption significantly reduces average patients\xe2\x80\x99 waiting time, which suggests that the LOS reduction partially comes from the reduction of waiting time.",Information Systems Research
,,
"Appealing to Sense and Sensibility: System 1 and System 2 Interventions for Fake News on Social Media"">Appealing to Sense and Sensibility: System 1 and System 2 Interventions for Fake News on Social Media","Disinformation on social media\xe2\x80\x94commonly called \xe2\x80\x9cfake news\xe2\x80\x9d\xe2\x80\x94has become a major concern around the world, and many fact-checking initiatives have been launched to mitigate the problem. The way fact-checking results are presented to social media users is important because if the presentation format is not persuasive, then fact-checking may not be effective. For instance, Facebook tested the idea of flagging dubious articles in 2017 but concluded that it was ineffective and subsequently removed the feature. We conducted three experiments with social media users to investigate two different approaches to implementing a fake news flag\xe2\x80\x94one designed to have its primary effect when processed by automatic cognition (System 1) and the other designed to have its primary effect when processed by deliberate cognition (System 2). We found that both interventions were effective, and an intervention that combined both approaches was about twice as effective. We also found that awareness training on the meaning of the flags increased the effectiveness of the System 2 intervention but not the System 1 intervention, exactly as theory predicts. Believability, in turn, influenced the extent to which users would engage with the article (e.g., read, like, comment, and share). Our results suggest that both theoretical routes can be used\xe2\x80\x94separately or together\xe2\x80\x94in the presentation of fact-checking results in order to reduce the influence of fake news on the users.",Information Systems Research
,,
"Data-Driven Promotion Planning for Paid Mobile Applications"">Data-Driven Promotion Planning for Paid Mobile Applications","In this paper, we propose a two-step data analytic approach to the promotion planning for paid mobile applications (apps). In the first step, we use historical sales data to empirically estimate the app demand model and quantify the effect of price promotions on download volume. The estimation results reveal two interesting characteristics of the relationship between price promotion and download volume of mobile apps: (1) the magnitude of the direct immediate promotion effect is changing within a multiday promotion; and (2) due to the visibility effect (i.e., apps ranked high on the download chart are more visible to consumers), a price promotion also has an indirect effect on download volume by affecting app rank, and this effect can persist after the promotion ends. Based on the empirically estimated demand model, we formulate the app promotion optimization problem into a longest path problem, which takes into account the direct and indirect effects of promotions. To deal with the tractability of the longest path problem, we propose a moving planning window heuristic, which sequentially solves a series of subproblems with a shorter time horizon, to construct a promotion policy. Our heuristic promotion policy consists of shorter and more frequent promotions. We show that the proposed policy can increase the app lifetime revenue by around 10%.",Information Systems Research
,,
"About Our Authors"">About Our Authors",,
,,
"Editorial Board"">Editorial Board",,
,,
"Research Spotlights"">Research Spotlights",,
,,
"Does Identity Disclosure Help or Hurt User Content Generation? Social Presence, Inhibition, and Displacement Effects"">Does Identity Disclosure Help or Hurt User Content Generation? Social Presence, Inhibition, and Displacement Effects","Many user-generated content websites are experimenting with disclosing users\xe2\x80\x99 identities to increase accountability for the generated content. However, the effects of identity disclosure on users\xe2\x80\x99 content-generation behaviors are not well examined. In this study, we address this critical issue by using a natural experiment\xe2\x80\x94a large corporate online community chose to disclose users\xe2\x80\x99 identities in one section (the focal section) but not the other (the neighbor section). Our results show that in the focal section, disclosing identity increases social presence and inhibits users\xe2\x80\x99 willingness to generate content, resulting in greater effort spent per content but smaller content volume. Surprisingly, we find that users significantly change their content-generation behaviors in the neighbor section, where users remain anonymous. Specifically, identity disclosure has a strong displacement effect: the low-effort content, which is deterred by identity disclosure in the focal section, will be reallocated to the anonymous neighbor section. Furthermore, taking both sections together, we find that the content volume increases and content effort exerted on each content decreases overall. These findings demonstrate that identity disclosure is a double-edged sword with regard to user content generation. On the one hand, disclosure motivates users\xe2\x80\x99 effort on each content in the focal section. On the other hand, the displacement effect meant that this benefit comes at the cost of reducing users\xe2\x80\x99 effort per content in the neighbor section.",Information Systems Research
,,
"Flexible and Committed Advertising Contracts in Electronic Retailing"">Flexible and Committed Advertising Contracts in Electronic Retailing","We use a differential games framework to study two modes of dynamic advertising competition, namely <i>flexible</i> (or closed loop) and <i>committed</i> (or open loop), between two e-retailers that compete for traffic. In closed-loop competition, the advertising contract allows firms to adjust their advertising levels during the advertising campaign. However, in open-loop competition, the contract requires the firms to commit upfront to an advertising plan (however, not necessarily one that advertises at a fixed rate). We ask the following question: Which contract (flexible or committed) is better for the firms (advertising agent)? We find that the firms advertise less and earn more under flexible contracts. As a result, the advertising agent earns less from the two firms under flexible contracts. Flexible and committed contracts become more interesting to study if operational considerations are included. These considerations arise from information technology (IT) costs incurred to process the traffic that arrives at the e-retailers\xe2\x80\x99 websites. Operational considerations reduce the difference in advertising spending between the two contracts. Interestingly, to increase the revenue earned under flexible contracts, the advertising agent should offer such contracts at a price that is discounted relative to committed contracts. The discount exploits the force of competition and induces the firms to spend more on advertising. The optimal discount offered under a flexible contract decreases as the IT cost increases.",Information Systems Research
,,
"The Voice of the Customer: Managing Customer Care in Twitter"">The Voice of the Customer: Managing Customer Care in Twitter","In recent years, managing customer sentiment\xe2\x80\x94particularly on social media\xe2\x80\x94has become crucial as more customers use social media to seek help from firms. Therefore, we strive to determine an optimal strategy to manage customer sentiment on social media sites such as Twitter. We also aim to identify factors and external events that can influence the effectiveness of customer care. To understand the antecedents of digital customer care, we model a diffusion process of customer sentiment over time. This diffusion process is influenced (or controlled) by the firm through the strategy employed to respond to customer tweets. We then use real data consisting of sentiments expressed by customers directed at Twitter\xe2\x80\x99s service accounts of four major U.S. telecommunication-service providers (AT&amp;T, Verizon, Sprint, and T-Mobile) to estimate the parameters in our analytical model and shed several insights into digital customer care in this industry. First, we find a clear separation among the firms in terms of digital customer care effectiveness. Second, we find that good customer care is not merely a matter of responding to customer tweets. Third, the quality of digital customer care that customers expect varies across firms: Customers of higher priced firms (e.g., Verizon and AT&amp;T) expect better customer care. Fourth, seemingly unrelated events (such as signing an exclusive contract with a celebrity) can impact digital customer care. Our study has important implications for managers as it can help firms determine the optimal strategy to influence customer sentiment.",Information Systems Research
,,
"Turning Liabilities of Global Operations into Assets: IT-Enabled Social Integration Capacity and Exploratory Innovation"">Turning Liabilities of Global Operations into Assets: IT-Enabled Social Integration Capacity and Exploratory Innovation","Although the ability to produce exploratory innovations is important for firm performance, firms face difficulties in producing exploratory innovations because knowledge is often distributed across cultures and geographies. In this study, we examine whether information technology (IT) helps firms to overcome the liabilities of global operations particularly when it comes to creation of exploratory innovations. We argue that information technologies that promote social integration facilitate more novel knowledge recombinations that help to overcome the difficulties arising from global operations. We draw on the knowledge-based view of the firm and hypothesize that IT-enabled social integration capacity influences exploratory innovation by enabling firms to leverage global cultural diversity and global geographical dispersion. Our empirical analyses using archival panel data from 120 public U.S. manufacturing firms from 2003 to 2014 support these hypotheses. A key implication of our results is that IT helps firms to achieve greater exploratory innovation by turning the potential liabilities of cultural diversity and geographical dispersion associated with global operations into assets.",Information Systems Research
,,
"Onward and Upward? An Empirical Investigation of Gender and Promotions in Information Technology Services"">Onward and Upward? An Empirical Investigation of Gender and Promotions in Information Technology Services","The shaky ascent of women up the organizational ladder is a critical factor that may contribute to the lack of women in information technology (IT). In this study, we examine the effect of gender on the likelihood of employee promotions. We further examine whether women get an equal lift in promotion likelihood from performance improvements, work experience, and training as men. We analyze archival promotion data, as well as demographic, human capital, and administrative data for 7,004 employees at a leading IT services firm located in India for the years 2002\xe2\x80\x932007 and for multiple levels of promotion. We develop robust econometric models that consider employee heterogeneity to identify the differential effect of gender and performance on promotions. We find that, contrary to expectations, women are more likely to be promoted, on average. However, looking deeper into the heterogeneous main effects using hierarchical Bayesian modeling reveals more nuanced insights. We find that, ceteris paribus, women realize less benefit from performance gains than men, less benefit from tenure within the focal firm, but more benefit from training than men. These results suggest that despite the disparity in returns to performance and experience improvements, women can rely on signaling mechanisms such as training to restore parity in promotions. We find that the effects of gender and performance vary with the level of employee promotion; although not as much as men, women benefit more from performance gains at higher organizational levels. Our findings suggest several actionable managerial insights that can potentially make IT firms more inclusive and attractive to women.",Information Systems Research
,,
"An Economic Analysis of Product Recommendation in the Presence of Quality and Taste-Match Heterogeneity"">An Economic Analysis of Product Recommendation in the Presence of Quality and Taste-Match Heterogeneity","This paper investigates the strategy for product recommendation. Specifically, we analyze a platform-based market where consumers search and purchase products that potentially differ in quality. In addition, consumers have idiosyncratic tastes for a product, and the extent of this heterogeneity may vary from one product to another. In other words, there may be products with low taste dispersion (products for which there is less heterogeneity among consumers), as well as products with high taste dispersion. Our modeling framework elucidates how platform recommendation influences the market-level equilibrium outcomes, thereby informing the optimal recommendation strategy. We find that the quality and taste-dispersion dimensions can interact to affect the overall effectiveness of product-recommendation strategies. Conditioning on taste dispersion, recommending high-quality products increases both producer profits and consumer surplus. Conditioning on quality, recommending high-taste-dispersion products may, however, increase or decrease producer profits, depending on the joint effect of profit margin and purchase probability. The direction of change in consumer surplus is also uncertain\xe2\x80\x94recommending a high-taste-dispersion product is more likely to increase (decrease) consumer surplus if the quality is low (high). Importantly, we show that when the platform cannot discern product types, recommendation strategies based on observed price or sales signals cannot guarantee the optimal outcome in the general case.",Information Systems Research
,,
"Your Hometown Matters: Popularity-Difference Bias in Online Reputation Platforms"">Your Hometown Matters: Popularity-Difference Bias in Online Reputation Platforms","We study a new source of bias in online review platforms that originates from the popularity difference between the traveling reviewer\xe2\x80\x99s hometown and destination (popularity-difference bias). In particular, we model popularity-difference bias as a function of two opposing forces: (1) the travelers\xe2\x80\x99 evaluation of performance and (2) the travelers\xe2\x80\x99 expectations. The net result of these two forces leads to two competing views regarding the nature of popularity-difference bias: the first view is performance-dominant, whereas the second one is expectation-dominant. Through analyzing a large set of restaurant reviews from a major online reputation platform, we find empirical evidence in support of the performance-dominant view. Specifically, we find that popularity-difference bias affects both the assigned rating and the text-encoded sentiment of a review. When reviewers travel to a less popular location than their hometown, popularity-difference bias is negative. To the contrary, when reviewers travel to a more popular location than their hometown, popularity-difference bias is positive. Popularity-difference bias affects the average rating of restaurants up to 11%. As a result, a restaurant\xe2\x80\x99s ratings skew lower if the restaurant tends to attract guests from more popular locations, whereas they skew higher if the restaurant tends to attract guests from less popular locations. This effect on ratings alters the probability that an average customer will consider a restaurant by up to 16%. Finally, awareness of popularity-difference bias allows managers to improve the design of their ranking systems: we show that such improvements can lead to up to 12% higher reviewer satisfaction, and up to 24% more diversified top-restaurant recommendations.",Information Systems Research
,,
"Unemployment and Worker Participation in the Gig Economy: Evidence from an Online Labor Market"">Unemployment and Worker Participation in the Gig Economy: Evidence from an Online Labor Market","The gig economy has low barriers to entry, enabling flexible work arrangements and allowing workers to engage in contingent employment, <i>whenever</i>, and in some cases, such as online labor markets, <i>wherever</i>, workers desire. The growth of the gig economy has been partly attributed to technological advancements that enable flexible work environments. In this study, we consider the role of an alternative driver, economic downturns, and associated financial stressors in the offline economy, for example, unemployment. As the exact nature of the relationship between online labor supply and offline unemployment is not immediately clear, in this work, we seek to quantify the relationship, exploring heterogeneity across a variety of county-specific characteristics. We study these relationships in the context of a leading online labor market, combining data on the participation of workers residing in counties across the United States with county-level data on unemployment from the Bureau of Labor Statistics. Our results demonstrate a positive and significant association between local (county) unemployment in the traditional offline labor market and the supply of online workers residing in the same county, as well as significantly larger volumes of online project bidding activity from workers in the same county. Specifically, we estimate that a 1% increase in county unemployment is associated with a 21.8% increase in the volume of county residents actively working online at the platform. Furthermore, our results suggest significant heterogeneity in the relationship, such that a significantly larger supply of online labor manifests when unemployment occurs in counties characterized by better internet access, younger and more educated populations, and populations whose social ties are dispersed over a wider geographic area. We discuss the theoretical and practical implications for workers, online labor markets, and policy makers.",Information Systems Research
,,
"Cross-Platform Spillover Effects in Consumption of Viral Content: A Quasi-Experimental Analysis Using Synthetic Controls"">Cross-Platform Spillover Effects in Consumption of Viral Content: A Quasi-Experimental Analysis Using Synthetic Controls","To inform product release and distribution strategies, research has analyzed cross-market spillovers in new product adoption. However, models that examine these effects for digital and viral media are still evolving. Given resistance to advertising, firms often seek to promote their own viral content to boost brand awareness. However, a key shortcoming of virality is its ephemeral nature. To gain insight into sustaining virality, we develop a quasi-experimental approach that estimates the backward spillover onto a focal platform by introducing a piece of content onto a new platform. We posit that introducing content to the audience of a new platform can generate word of mouth, which may affect its consumption within an earlier platform. We estimate these spillovers using data on 381 viral videos on 26 platforms (e.g., YouTube, Vimeo) and observe how consumption of videos on an initial \xe2\x80\x9clead\xe2\x80\x9d platform is affected by their subsequent introduction onto \xe2\x80\x9clag\xe2\x80\x9d platforms. This spillover is estimated as follows: for each multiplatform video, we compare its view growth after being introduced onto a new platform to that of a synthetic control based on similar single-platform videos. Analysis of 275 such spillover scenarios reveals that introducing a video onto a lag platform roughly doubles its subsequent view growth in the lead platform. This positive cross-platform spillover is persistent, bursty, and strongest in the first 42 days. We find that spillover is boosted when the video is consumed more in the lag platform, when the consumption rate peaks earlier in the lag platform, and when the lag platform targets a foreign market. Delaying a video\xe2\x80\x99s introduction onto a lag platform affects spillover concavely, whereas its introduction onto additional platforms shows diminishing returns. We find further support for positive spillover through a small-scale randomized field experiment. Implications are discussed for platforms, content creators, and policy makers.",Information Systems Research
,,
"Hiding Sensitive Information when Sharing Distributed Transactional Data"">Hiding Sensitive Information when Sharing Distributed Transactional Data","Retailers have been sharing transactional data with supply chain partners for a long time to the benefit of all involved. However, many are still reluctant to share, and there is evidence that the extent of sharing would be greater if information sensitive to retailers is concealed before data are shared. Although there has been considerable research into methods to hide sensitive information from transactional data, extant research has focused only on sensitive information at the organizational level. This is rarely the case in reality; the retail industry has recognized and adapted their offerings to region-wide differences in customer tastes for decades, and when stores offer a mix of standardized and customized products, the differences in customer characteristics across regions lead to sensitive information that is region-specific in addition to sensitive information at the organizational level. To date, this version of the problem has been overlooked, and no effective methods exist to solve it; this paper fills that gap. Although some existing approaches can be adapted to this more realistic context, the existence of region-level requirements substantially increases the size of an already difficult (NP-hard) problem to be solved, making such adaptations impractical. Traditional decomposition-based approaches, such as Lagrangian relaxation, are not viable either as they require the repeated solution of NP-hard problems involving millions of variables multiple times. In this paper, we present an ensemble approach that draws intuition from Lagrangian relaxation to maximize the accuracy of a shared transactional dataset. Extensive computational experiments show that this approach not only identifies near-optimal solutions, it can do so even when other approaches fail. We also show that the precision of recommendations made using datasets that have been modified using the ensemble approach is not statistically different from that of recommendations made using the original datasets; this demonstrates that using the ensemble approach to hide sensitive information before sharing transactional data has negligible negative impact.",Information Systems Research
,,
"Content Growth and Attention Contagion in Information Networks: Addressing Information Poverty on Wikipedia"">Content Growth and Attention Contagion in Information Networks: Addressing Information Poverty on Wikipedia","Open collaboration platforms have fundamentally changed the way that knowledge is produced, disseminated, and consumed. In these systems, contributions arise organically with little to no central governance. Although such decentralization provides many benefits, a lack of broad oversight and coordination can leave questions of information poverty and skewness to the mercy of the system\xe2\x80\x99s natural dynamics. Unfortunately, we still lack a basic understanding of the dynamics at play in these systems and specifically, how contribution and attention interact and propagate through information networks. We leverage a large-scale natural experiment to study how exogenous content contributions to Wikipedia articles affect the attention that they attract and how that attention spills over to other articles in the network. Results reveal that exogenously added content leads to significant, substantial, and long-term increases in both content consumption and subsequent contributions. Furthermore, we find significant attention spillover to downstream hyperlinked articles. Through both analytical estimation and empirically informed simulation, we evaluate policies to harness this attention contagion to address the problem of information poverty and skewness. We find that harnessing attention contagion can lead to as much as a twofold increase in the total attention flow to clusters of disadvantaged articles. Our findings have important policy implications for open collaboration platforms and information networks.",Information Systems Research
,,
"A Theory of Multilevel Information Privacy Management for the Digital Era"">A Theory of Multilevel Information Privacy Management for the Digital Era","In the digital era, it is increasingly important to understand how privacy decisions are made because information is frequently perceived as a commodity that is mismanaged. The preponderance of privacy literature focuses on individual-level information privacy concern and personal self-disclosure decisions. We propose that a more versatile multilevel description is required to enable exploration of complex privacy decisions that involve co-owned (i.e., group) information in increasingly sophisticated digital environments. We define the concepts of group and individual information privacy, \xe2\x80\x9cwe-privacy\xe2\x80\x9d and \xe2\x80\x9cI-privacy\xe2\x80\x9d respectively, as the ability of an individual or group to construct, regulate, and apply the rules for managing their information and interaction with others. We develop the theory of multilevel information privacy (TMIP), which uses the theory of communication privacy management and the developmental theory of privacy as foundations for a social rule-based (i.e., normative) process of making privacy decisions that evolve over time with experience. The TMIP contributes to the privacy literature by drawing from prominent social psychology theories of group behavior (i.e., social identity and self-categorization theories) to explain how privacy decisions can be made by individuals or groups (i.e., social units) or social units acting as members of a particular group. We contend that technology complicates the privacy decision-making process by adding unique environmental characteristics that can influence the social identity assumed for a particular privacy decision, the estimation of the cost-benefit components of the privacy calculus, and the application and evolution of the norms that define the rules for information and interaction management. We discuss the implications of the TMIP for  and provide a research agenda.",Information Systems Research
,,
"Understanding Physicians\xe2\x80\x99 Online-Offline Behavior Dynamics: An Empirical Study"">Understanding Physicians\xe2\x80\x99 Online-Offline Behavior Dynamics: An Empirical Study","Physicians\xe2\x80\x99 participation in online healthcare platforms serves to integrate online healthcare resources with the offline medical system. This integration brings opportunities for reshaping healthcare delivery systems. In the field of telemedicine, there has been an extensive discussion about physician participation, but little is known about how physicians actually participate in online healthcare platforms and offline medical systems. Understanding physicians\xe2\x80\x99 participation dynamics between online and offline channels is of great importance to academic researchers, practitioners, and policy makers. Such an understanding can reveal insights into how healthcare is actually delivered to patients through both channels, how to contribute to quantifying the social impacts of online healthcare services (Health 2.0), and how to improve healthcare delivery systems. Thus, in this study, we investigate physicians\xe2\x80\x99 online-offline behavior dynamics using data from both online and offline channels to conduct our analysis. As physicians\xe2\x80\x99 online and offline activities are highly endogenous, we deploy a time-series technique and develop a structural vector autoregression model to examine the behavior dynamics. We find that physicians\xe2\x80\x99 online activities can lead to a higher service quantity in offline channels, whereas offline activities may reduce physicians\xe2\x80\x99 online services because of resource constraints. Our results also show that the more offline patients physicians serve, the more articles the physicians will likely share online. These findings are robust to various econometric specifications and estimation methods. Our research advocates for the benefits Health 2.0 produces and provides evidence of the value of online healthcare communities and the policies that support them.",Information Systems Research
,,
"Online Display Advertising Markets: A Literature Review and Future Directions"">Online Display Advertising Markets: A Literature Review and Future Directions","This paper summarizes the display advertising literature, organizing the content by the agents in the display advertising ecosystem, and proposes new research directions. In doing so, we take an interdisciplinary view, drawing connections among diverse streams of theoretical and empirical research in information systems, marketing, economics, operations, and computer science. By providing an integrated view of the display advertising ecosystem, we hope to bring attention to the outstanding research opportunities in this economically consequential and rapidly growing market.",Information Systems Research
,,
"The Importance of Interactions Between Content Characteristics and Creator Characteristics for Studying Virality in Social Media"">The Importance of Interactions Between Content Characteristics and Creator Characteristics for Studying Virality in Social Media","With the ubiquity of social media usage and influence, the phenomenon of virality\xe2\x80\x94that is, large-scale diffusion and sharing of an online post\xe2\x80\x94has received considerable scrutiny. Research on virality is of primarily two types. Content-based research focuses on how content characteristics influence virality, whereas creator-based research uses characteristics of the creator of the content to study virality. Through this research note, we aim to draw attention toward a relatively ignored set of constructs\xe2\x80\x94the interactions between content characteristics and creator characteristics. We propose a typology of content features and content message on one hand and creator features and creator history on the other. We argue that adding nuanced content\xe2\x80\x93creator interactions to the nomological network for virality will add conceptual richness and improve predictive validity of future studies. We demonstrate this by running models, with and without the interactions, on a data set of nearly 800,000 posts from Twitter. We find that many of these interactions are significant, improve goodness of fit by 20%, provide clues about contextual factors in virality, and boost predictive power by 12%. Our results and subsequent discussions of the findings hope to spur more research on content\xe2\x80\x93creator interactions in understanding virality.",Information Systems Research
,,
"When to Play Your Advertisement? Optimal Insertion Policy of Behavioral Advertisement"">When to Play Your Advertisement? Optimal Insertion Policy of Behavioral Advertisement","Digital advertisements offer a full spectrum of behavioral customization for timing and content capabilities. The existing research in display advertising has predominantly concentrated on the content of advertising; however, our focus is on optimizing the timing of display advertising. In practice, users are constantly adjusting their engagement with content as they process new information continuously. The recent development of emotional tracking and wearable technologies allows platforms to monitor the user\xe2\x80\x99s engagement in real time. We model the user\xe2\x80\x99s continuous engagement process through a Brownian motion. The proposed optimal policy regarding the timing of behavioral advertising is based on a threshold policy with a trigger threshold and target level. Specifically, the platform should insert the advertisement when the user\xe2\x80\x99s engagement level reaches the trigger threshold, and the length of the advertisement should let the user\xe2\x80\x99s engagement level drop to the target level. Analogous to the familiar idea of \xe2\x80\x9cprice discrimination,\xe2\x80\x9d the methods we propose in this study allow the platforms to maximize their revenue by \xe2\x80\x9cdiscriminatory\xe2\x80\x9d customization of the timing and length of the advertisement based on the behavior of individual users. Finally, we quantify the benefits of the proposed policy by comparing it with the practically prevalent policies (i.e., preroll, midroll, and a mix of the two) through a simulation study. Our results reveal that, for a wide range of settings, the proposed policy not only significantly increases the platform\xe2\x80\x99s profitability but also improves the completion rate at which consumers finish viewing the advertisement.",Information Systems Research
,,
"From Lurkers to Workers: Predicting Voluntary Contribution and Community Welfare"">From Lurkers to Workers: Predicting Voluntary Contribution and Community Welfare","In an online community, users can interact with fellow community members by voluntarily contributing to existing discussion threads or by starting new threads. In practice, however, the vast majority of a community\xe2\x80\x99s users (\xe2\x89\x8890%) remain inactive (lurk), simply observing contributions made by intermittent (\xe2\x89\x889%) and heavy (\xe2\x89\x881%) contributors. Our research examines increases and decreases of types of user engagement in online communities using hidden Markov models. These models characterize latent states of user engagement from trace user activity or lack of activity. The resulting framework then differentiates lurkers who can later become workers (i.e., engaged in the community) from those who will not. Differentiating lurkers who can be engaged from those who cannot enables managers to anticipate and proactively direct their resources toward the users who are most likely to become or remain workers (i.e., heavy contributors), thereby promoting community welfare. Analysis of 533,714 posts from an online diabetes community shows that incorporating latent user engagement variables can significantly improve the accuracy of welfare prediction models and guide managerial interventions. Application of our framework to five additional communities of various contexts demonstrates its generalizability.",Information Systems Research
,,
"Ad-Blockers: A Blessing or a Curse?"">Ad-Blockers: A Blessing or a Curse?","Users who have an ad-blocker installed present a genuine predicament for a website (also known as the publisher): On the one hand, these users do not generate revenue for the website; on the other hand, denying them access can shrink the user base and adversely affect the popularity of the website, ultimately reducing traffic over the long run. This has led some websites to require that ad-block users \xe2\x80\x9cwhite-list\xe2\x80\x9d them for obtaining access to an \xe2\x80\x9cad-light\xe2\x80\x9d experience. We model the decision problem for a website facing two user segments: <i>regular users</i> and <i>ad-block users</i>. The first-level decision or <i>gating strategy</i> is whether to allow ad-free access to ad-block users or require them to white-list the website for gaining access. When ad-block users are allowed ad-free access, the second-level decision is the level of advertising (or <i>ad-intensity</i>) for regular users. When ad-block users are required to white-list, the second-level decisions are the ad-intensities for regular users and ad-block users. The net utility of a user from visiting the website depends on the intrinsic value of the website\xe2\x80\x99s content, the value obtained due to <i>network effects</i> driven by the amount of traffic/popularity of the website, and the cost incurred due to the presence of ads. We derive an optimal gating and ad-intensity strategy for the website and also solve an identical model for a world without ad-block software. We show that the website can increase its revenue by discriminating between regular and ad-block users via the ad-intensities shown to them. More interestingly, we find that the discriminatory power bestowed on the website by ad-blockers can increase the social surplus and, in particular, increase the surplus of both user segments, namely, regular users and ad-block users, when the utility from their outside option is below a threshold. Thus, the advent of ad-blockers can lead to a win-win for both the website and its users. Finally, we propose a superior <i>selective-gating</i> strategy in which only a fraction of ad-block users are gated. We establish the robustness of our conclusions under several enhancements to our base setting: (a) heterogeneous profitabilities from regular users and ad-block users, (b) endogenous adoption of ad-blockers, (c) the presence of a subscription option, and (d) negative externality due to increased traffic. Our analysis ends with recommendations for three stakeholders in this problem, namely, publishers, web-browser developers, and policy makers.",Information Systems Research
,,
"About Our Authors"">About Our Authors",,
,,
"Editorial Board"">Editorial Board",,