Title,Abstract,Journal
Trapped by the entrepreneurial mindset: Opportunity seeking and escalation of commitment in the Mount Everest disaster,"Building on regulatory focus theory and the theory of action phases, we propose that the opportunity seeking of the entrepreneurial mindset is fueled by promotion focus, but transformed from something that liberates individuals from sub-optimal goals into something that traps them in escalation scenarios depending on the stability of environmental conditions faced, the duration of the project, and the specificity of the goal being pursued. Our meta-theoretical process model of escalation of commitment suggests that the decision to persist is set into motion long before individuals engage in the cost-benefit analysis examined in most escalation studies. We argue that, when individuals seek opportunities in a promotion-focused state of goal striving, they are likely to forego contingency planning, which precludes the formation of an exit strategy and leaves them unable to disengage despite an emerging desire to do so. Worse yet, opportunity seeking under the aforementioned conditions delays detection of an action crisis, which increases risk exposure and allows resources, time, and reputation invested to further accumulate, making disengagement that much more difficult once the entrepreneur realizes that a decision is necessary. Using the events of the 1996 Mount Everest disaster made famous by Jon Krakauer's Into Thin Air, we illustrate our proposed model and discuss its implications for entrepreneurship, escalation, and self-regulation research.",Journal of Business Venturing
Why family matters: The impact of family resources on immigrant entrepreneurs' exit from entrepreneurship,"We integrate insights from the social embeddedness perspective with research on immigrant entrepreneurship to theorize on how family resources influence exit from entrepreneurship among previously unemployed immigrant entrepreneurs. Results from a cohort study of immigrant entrepreneurs in Sweden reveal that family resources are important for immigrants to integrate economically into a country. We find that having family members in geographical proximity increases immigrant entrepreneurs' likelihood of remaining in entrepreneurship. Further, family financial capital enhances immigrant entrepreneurs' likelihood of remaining in entrepreneurship as well as their likelihood of exiting to paid employment. Although often neglected in immigrant entrepreneurship studies, resources accruing from spousal relationships with natives influence entrepreneurs' exit behavior. We discuss contributions for research on entrepreneurial exit, entrepreneurs' social embeddedness, and immigrant entrepreneurship.",Journal of Business Venturing
Entrepreneurial exit intentions and the business-family interface,"Endeavors by entrepreneurs to manage the connections between business and family can manifest in many behaviors and decisions. Entrepreneurs may curtail their family life for their business or modify their business involvement for their family. The processes at this interface between business and family may affect the entrepreneur's intention to exit or persist in the business. In this study we aim to extend the literature on entrepreneurial exit by examining the linkages between the business and family domains. Applying work-family interface theory, we examine linkages between the family and business domains (e.g., business-to-family interference, business-to-family enrichment, family-to-business interference, and family-to-business enrichment) and how these processes affect male and female entrepreneurs' intentions to exit their current business. The data were obtained from the National Study of the Changing Workforce in the United States. We utilize a subsample of 388 married entrepreneurs who considered their business a full-time endeavor. We found support for the effects of business-to-family enrichment and the two interference variables on exit intentions. Further, we found that exit intentions were stronger for female than male entrepreneurs experiencing interference between the business and family. These findings held when controlling for the effect of business performance as perceived by the entrepreneur.",Journal of Business Venturing
Interactive effects of multiple organizational climates on employee innovative behavior in entrepreneurial firms: A cross-level investigation,"Given that organizations need to manage complex situations, multiple organizational climates can coexist and these climates can jointly influence employee behaviors. However, the mechanisms through which the latter relationships operate are poorly understood. We take a multilevel approach to examine the mechanisms that link organizational innovative climate and employee innovative behavior, and the moderating effects of organizational proactive and risk-taking climates on these relationships. Using multisource data from 105 managers and 39 CEOs, we found that innovative climate was positively related to employee innovative behavior indirectly through employee passion for inventing. In addition, the relationship between innovative climate and passion for inventing became stronger as proactive climate increased, and the relationship between passion for inventing and employee innovative behavior became stronger as risk-taking climate increased. Our study contributes to entrepreneurial research by highlighting the interactive effects of multiple organizational climates on employee innovative behavior.",Journal of Business Venturing
"An institutional logics approach to social entrepreneurship: Market logic, religious diversity, and resource acquisition by microfinance organizations","Resource acquisition is critically important for social ventures to fulfill their social missions while striving to scale up and become financially sustainable. Past studies have only just begun to appreciate how institutional forces shape the acquisition of resources by social ventures. Grounded in the context of microfinance organizations (MFOs), a particular type of social venture that holds promise for addressing poverty in developing nations, this paper examines how institutional logics, related to market and religion, shape the nature and amount of capital acquired by MFOs. In particular, we study how the market logic and religious diversity independently and jointly affect flows of commercial and public capital into MFOs across countries. Using a proprietary database of all traceable lending transactions between capital providers and MFOs from 2004 to 2012, we find that strong market logic enhances both commercial and public capital acquired by MFOs, whereas religious diversity decreases the amount of commercial capital flowing to MFOs. Religious diversity also mitigates the positive impact of the market logic on capital flows into MFOs. We discuss the implications of these findings for microfinance research and practice, the social entrepreneurship literature, and the institutional logics perspective.",Journal of Business Venturing
Passionate bricoleurs and new venture survival,"The impression of entrepreneurship as an intentionally orchestrated activity has been challenged by more creative approaches. In this study we investigate the previously unexplored relationships between entrepreneurial passion, bricolage, and entrepreneurial survival. In a sample of 2489 Finnish entrepreneurs who started new businesses between 2005 -- 2010, we find higher levels of bricolage among those, whose businesses were still surviving in the end of 2011. Further, our analyses reveal that entrepreneurs who are passionate about inventing and developing their ventures are more likely to engage in bricolage and, combined, the affective state of passion and the ""make-do"" behaviors of bricolage help entrepreneurs keep their businesses going.",Journal of Business Venturing
Do local and international venture capitalists play well together? The complementarity of local and international venture capitalists,"We find that entrepreneurial firms in emerging nations backed by syndicates composed of international and local venture capitalists have more successful exits and higher post-IPO operating performance than those backed by syndicates of purely international or purely local venture capitalists. We control for the potential endogenous participation and syndication by international VCs using instrumental variables analyses and a natural experiment and find a causal effect of international VC participation on successful outcomes. International VCs face disadvantages in their investments due to the lack of proximity to the entrepreneurial firm. Using air service agreements between countries as an exogenous change in effective proximity, we find that entrepreneurial firms backed by international VCs are more successful when travel becomes easier between the two countries. Overall, our results indicate that the greater venture capital expertise of international venture capitalists and the superior local knowledge and lower monitoring costs of local venture capitalists are both important in obtaining successful investment outcomes.",Journal of Business Venturing
A meta-analysis of different HR-enhancing practices and performance of small and medium sized firms,"The role of human capital has received considerable attention in research on small and medium sized firms. However, much uncertainty remains as to how practices that enhance human resources (HR) affect the performance of small and medium sized firms, whether some practices have stronger effects than others, and which contingencies influence these effects. Relying on the framework proposed by Subramony (2009), we propose that small and medium sized firms need to implement HR practices that focus on enhancing skills, motivation, and empowerment. The results of our meta-analysis comprising 56 studies that focused on small and medium sized enterprises (SME) indicated that HR-enhancing practices are correlated with firm performance (rc = .228). Moreover, HR-enhancing practices were more relevant for young firms and SME operating in high-tech industries and in country contexts characterized by rigid labor regulations. We compare the results of this meta-analysis with meta-analyses performed in the large firm context. Overall, our results suggest that HR-enhancing practices are important in the SME context in general and, moreover, they specify whether or not these practices have to be adapted to the SME context.",Journal of Business Venturing
Measuring the social identity of entrepreneurs: Scale development and international validation,"Social identity theory offers an important lens to improve understanding of founders as enterprising individuals, the venture creation process, and its outcomes. Yet, further advances are hindered by the lack of valid scales to measure founders' social identities. Drawing on social identity theory and a systematic classification of founders' social identities (Darwinians, Communitarians, and Missionaries), we develop and test a corresponding 15-item scale in the Alpine region and validate it in 13 additional countries and regions. The scale allows identifying founders' social identities and relating them to processes and outcomes in entrepreneurship. The scale is available online in 16 languages.",Journal of Business Venturing
Beyond cultural values? Cultural leadership ideals and entrepreneurship,"This paper offers a fresh perspective on national culture and entrepreneurship research. It explores the role of Culturally-endorsed implicit Leadership Theories (CLTs) -- i.e., the cultural expectations about outstanding, ideal leadership -- on individual entrepreneurship. Developing arguments based on culture-entrepreneurship fit, we predict that charismatic and self-protective CLTs positively affect entrepreneurship. They provide a context that enables entrepreneurs to be co-operative in order to initiate change but also to be self-protective and competitive so as to safeguard their venture and avoid being exploited. We further theorize that CLTs are more proximal drivers of cross-country differences in entrepreneurship as compared with distal cultural values. We find support for our propositions in a multi-level study of 42 countries. Cultural values (of uncertainty avoidance and collectivism) influence entrepreneurship mainly indirectly, via charismatic and self-protective CLTs. We do not find a similar indirect effect for cultural practices.",Journal of Business Venturing
The effect of trade secret legal protection on venture capital investments: Evidence from the inevitable disclosure doctrine,"This study investigates how the inevitable disclosure doctrine, a form of trade secret legal protection, affects venture capital (VC) investment. Using a data set of VC deals realized in the United States from 1980 to 2012, we find that a rule in favor of inevitable disclosure increases the amount of VC investment. We address mechanisms that can explain these findings by assessing how the inevitable disclosure doctrine (a) displays a different impact on VC investments according to the characteristics of the state and the industry where the start-ups operate and (b) affects the performance of VC-backed firms. We also discuss managerial and policy implications of our findings.",Journal of Business Venturing
The impact of family support on young entrepreneurs' start-up activities,"In this paper, we use a social support perspective and hypothesize that the scope of start-up activities is positively associated with two types of instrumental family support, financial and social capital. We further argue that the effect of instrumental family support is enhanced by the level of emotional support, in the form of family cohesiveness. To test our hypotheses, we draw from the 2011 Global University Entrepreneurial Spirit Students' Survey (GUESSS), a survey of university students from 19 countries. We focus on those nascent entrepreneurs who are in the process of starting their new venture (n = 12,399). Our findings indicate that family social capital is positively associated with the scope of start-up activities, family financial capital is negatively associated with the scope of start-up activities, and family cohesiveness amplifies the effect of family social capital on the scope of start-up activities. Theoretical, practitioner, and public policy implications are discussed.",Journal of Business Venturing
Variable risk preferences in new firm growth and survival,"We outline and test a decision-making theory of new venture growth and survival. Building upon research in entrepreneurship and decision making under risk, we hypothesize that entrepreneurs' attention to survival and aspiration reference points changes based on venture age (experience-based learning), size (differences in decision complexity), and performance decision domain. Examining a panel of 14,760 new ventures in the professional services sector, our findings show how risk preferences change as a venture ages and increases in size. This approach offers a more nuanced view of decision making under risk and provides a theoretical explanation for the common patterns of new ventures' probability of exit and growth diminishing with age and size.",Journal of Business Venturing
Victim entrepreneurs doing well by doing good: Venture creation and well-being in the aftermath of a resource shock,"Venture creation generates value in a variety of forms both for the entrepreneur him or her-self and the venture's stakeholders. Recent research explores entrepreneurial action as a vehicle for personal transformation and development for the individual, especially as it pertains to overcoming adversity. We build on this emerging literature by exploring victims creating new ventures in the aftermath of a disaster event, where widespread adversity threatens entire communities. Following the disaster, some victim resources are destroyed (e.g., property) while others remain (e.g., human capital) at varying levels. We build on organizational emergence and conservation of resources theories and use structural equation modeling to test a victim entrepreneur model of functioning through the creation of ventures to alleviate others' suffering. We find that venture creation mediates the positive relationship between human capital and functioning and that for those who do not create ventures, human capital is negatively related to functioning -- highlighting the important role of venture creation for the victim-actor following a disaster event. Implications of these findings for literature on venture creation and responses to adversity are discussed.",Journal of Business Venturing
Human capital in social and commercial entrepreneurship,"We advance research on human capital and entrepreneurial entry and posit that, in order to generate value, social entrepreneurship requires different configurations of human capital than commercial entrepreneurship. We develop a multilevel framework to analyse the commonalities and differences between social and commercial entrepreneurship, including the impact of general and specific human capital, of national context and its moderating effect on the human capital-entrepreneurship relationship. We find that specific entrepreneurial human capital is relatively more important in commercial entrepreneurship, and general human capital in social entrepreneurship, and that the effects of human capital depend on the rule of law.",Journal of Business Venturing
"Drawn to the fire: The role of passion, tenacity and inspirational leadership in angel investing","Extant research affirms that angel investors seek passionate entrepreneurs but questions surround whether there is value in passion itself, or if it is instead used as a marker for other important characteristics like tenacity and inspirational leadership. Employing both a qualitative and quantitative study, we find that angels value passion in addition to tenacity, as well as both together, when evaluating entrepreneurs for investment. We also find that the entrepreneurial experience of angels positively moderates the value provided by passion and tenacity.",Journal of Business Venturing
See Paris and... found a business? The impact of cross-cultural experience on opportunity recognition capabilities,"Internationally mobile individuals such as migrants and expatriates exhibit a higher level of entrepreneurial activity than people without cross-cultural experience. Current research suggests that this pattern is rooted in specific resources and institutional arrangements that increase the attractiveness of exploiting entrepreneurial opportunities. In this study, we provide an additional explanation: We argue that cross-cultural experience increases the ability to recognize entrepreneurial opportunities. This argument is supported by two complementary studies -- a longitudinal quasi-experiment and a priming experiment. We find convergent evidence that cross-cultural experience increases a person's capabilities to recognize particularly profitable types of opportunities by facilitating the application of cross-cultural knowledge for the discovery of arbitrage opportunities and creative recombination.",Journal of Business Venturing
A reconceptualization of fear of failure in entrepreneurship,"Fear of failure both inhibits and motivates entrepreneurial behavior and therefore represents a rich opportunity for better understanding entrepreneurial motivation. Although considerable attention has been given to the study of fear of failure in entrepreneurship, scholars in this field have investigated this construct from distinct disciplinary perspectives. These perspectives use definitions and measures of fear of failure that are potentially in conflict and are characterized by a static approach, thereby limiting the validity of existing findings about the relationship between fear of failure and entrepreneurship. The purpose of this paper is to delineate more precisely the nature of fear of failure within the entrepreneurial setting. Using an exploratory and inductive qualitative research design, we frame this construct in terms of socially situated cognition by adopting an approach that captures a combination of cognition, affect and action as it relates to the challenging, uncertain, and risk-laden experience of entrepreneurship. In so doing, we provide a unified perspective of fear of failure in entrepreneurship in order to facilitate progress in understanding its impact on entrepreneurial action and outcomes.",Journal of Business Venturing
"Unraveling the ""passion orchestra"" in academia","This paper disentangles how organization members' ""passion orchestra"" is related to their entrepreneurial intentions in the particularly relevant context of academia. Drawing on passion literature and identity theory, we propose and test a model linking two central parts of researchers' ""passion orchestra"", namely entrepreneurial and obsessive scientific passion, directly and indirectly, to spin-off and start-up intentions. While spin-off intentions refer to intentions to found a firm based upon research results, start-up intentions denote intentions to start any type of company. Using a sample of 2,308 researchers from 24 European universities, our findings reveal that higher levels of entrepreneurial passion are associated with both stronger spin-off and start-up intentions. Further, obsessive scientific passion is positively associated with researchers' intentions to create a spin-off, and negatively with their propensity to establish a start-up. Entrepreneurial self-efficacy and affective organizational commitment mediate these effects. Finally, the two types of passion show characteristic interactions. Obsessive scientific passion moderates the entrepreneurial passion-intentions relationship such that it strengthens spin-off intentions. Our results highlight that recasting the individual driven by a singular passion to one with a ""passion orchestra"" provides a more holistic understanding of the new venture creation process. Implications for research and practice are discussed.",Journal of Business Venturing
In user's shoes: An experimental design on the role of perspective taking in discovering entrepreneurial opportunities,In this paper we investigate how the entrepreneur's ability of taking the perspective of the user in a market enhances opportunity identification. We also show how prior knowledge of the market positively moderates the relationship between user perspective taking and opportunity recognition. Our study is grounded in entrepreneurship contributions that try to disentangle the role of cognitive processes in opportunity recognition. We confirm our intuition through a one-factorial between-subject experiment and we discuss our findings for entrepreneurship research and user innovation literatures.,Journal of Business Venturing
Escalation of commitment in venture capital decision making: Differentiating between domestic and international investors,"Drawing upon an escalation of commitment framework, this study investigates how differences between cross-border and domestic venture capital investors in emotional, social, and institutional factors affect their decision to terminate an unsuccessful investment. We track the exit outcome of 1,060 venture capital investments in 684 European technology companies. Results show that domestic investors have a high tendency to escalate their commitment to a failing course of action, while cross-border investors terminate their investments efficiently, even when investing through a local branch. This is explained by cross-border investors having a lower social and emotional involvement with the project and a lower embeddedness in the local economic and social environment, decreasing individual decision biases. Further, they are affected to a lower extent by normative pressures to further invest from their co-investment network. Local branches of cross-border investors are also shielded from escalation of commitment. We conjecture that their international investment committee acts as an organizational safeguard against individual decision biases. Domestic investors may hence benefit from mimicking the behavior of cross-border investors.",Journal of Business Venturing
Creative destruction and productive preemptive acquisitions,"We develop a model of entrepreneurial innovation for entry and sale into oligopolies suitable for welfare analysis. We show that the expected consumer welfare can be higher under commercialization by sale than under commercialization by entry despite increased market power in the product market. The reason is that when the quality of the invention is sufficiently high, preemptive bidding competition among incumbents drives the acquisition price above the entry value. Entrepreneurs who sell their inventions will then have a stronger incentive to develop high-quality inventions than entrepreneurs who aim at entering the product market. Incumbents are hurt by this creative destruction process ignited by the entrepreneurs and thus have an incentive to undertake research to block entrepreneurs' research activities. We show that incumbents' own research effort can reduce, but not eliminate, the entrepreneurs' incentives to innovate for entry or sale.",Journal of Business Venturing
Hybrid entrepreneurship and public policy: The case of firm entry deregulation,"Hybrid entrepreneurs are entrepreneurs who are simultaneously working as paid employees. Although they constitute a systematic and large part of new firm creation, their possibly distinct responsiveness to public policy is not yet studied. Arguing for the need to consider hybrid entrepreneurs in public policy, we analyze the introduction of one-stop shops for faster and simplified firm registration in Mexico. We find that hybrid entrepreneurs are more responsive to changes in entry regulation than full-time entrepreneurs. While both the best and least educated people respond to the reform, the effect is most pronounced for highly educated hybrid entrepreneurs.",Journal of Business Venturing
Behavioral disinhibition and nascent venturing: Relevance and initial effects on potential resource providers,"While relatively weak inhibition is often associated with unproductive behavior and pathologies, it may favor acting on entrepreneurial opportunities. Ultimately exploiting opportunities, however, goes well beyond individual action, requiring organizing/others. This raises the question of how others perceive and respond to disinhibition in an entrepreneurial agent. Triangulating from psychology and entrepreneurship literatures, behavioral disinhibition in an entrepreneur is hypothesized to have ambivalent, overall negative effects on potential resource providers. A randomized experiment tested the hypotheses. Results were significant, with moderate to large effect sizes. The findings suggest that behavioral proclivities facilitating individual entrepreneurial action may paradoxically undermine organizing. The work contributes to an emergent literature on ostensibly dark-side characteristics relevant to entrepreneurship, extends knowledge on entrepreneur behavior influencing potential resource providers, and highlights unresolved tensions relevant to opportunity pursuit (e.g., exploration/exploitation dilemmas).",Journal of Business Venturing
Outcomes of entrepreneurship education: An institutional perspective,"Drawing on institutional theory and the model of entrepreneurial action, we build and test a multilevel model on the outcomes of entrepreneurship education. Essentially, we suggest that entrepreneurship education has stronger relationships with subsequent entrepreneurial activity in seemingly entrepreneurship-hostile institutional environments. Findings from 11,230 individuals in 32 countries support this notion. The results have implications for researchers and practitioners in the field of entrepreneurship education.",Journal of Business Venturing
Flexible or fragile? The growth performance of small and young businesses during the global financial crisis - Evidence from Germany,"Do crisis times hamper or foster entrepreneurship? We analyze the relative growth performance of small and young firms within the German Mittelstand during the 2009 crisis. We find that small firms exhibit a relative growth advantage compared to larger firms in both stable and crisis times, and interpret this as a flexibility advantage of small size. By contrast, young firms, which show stronger growth in stable times, are disproportionately negatively affected by the crisis. A similar pattern holds for firms showing characteristics commonly associated with a more entrepreneurial attitude. Thus we conclude that crises are detrimental to entrepreneurship.",Journal of Business Venturing
"Balancing ""what matters to me"" with ""what matters to them"": Exploring the legitimation process of environmental entrepreneurs","We extend current knowledge on new venture legitimation by focusing both on how environmental entrepreneurs enact their values and beliefs during the legitimation process and on the resultant business and personal consequences. On the basis of our longitudinal analysis of six cases studies we develop a staged process model of legitimation. Our findings suggest three novel insights. First, the entrepreneur's (i.e. the legitimacy seeker's) own values and beliefs are found to anchor initial decisions about how to gain legitimacy (the ""what matters to me"" stage) but are then toned down as attention shifts to gain legitimacy from diverse audiences (the ""what matters to them"" stage). Eventually, the entrepreneurs arrive at an approach that balances ""what matters to me and them"". Second, we are able to explain how and why these changes in legitimation take place. The entrepreneurs learned to adapt their legitimation work by engaging in reflection and reflexivity about both the business and personal consequences of their work in each stage. Finally, we detail the significance of dissonance to this process as a trigger for changes in behavior. Overall, our three insights allow us to extend the notion of what a ""skillful"" legitimacy seeker might be.",Journal of Business Venturing
Governmental venture capital in Europe: Screening and certification,"This paper investigates the screening and certification abilities of government-managed venture capital (GVC) firms in Europe. Using a sample of European high-tech entrepreneurial companies, we show that GVC funding increases the likelihood that companies will receive private venture capital (PVC). Moreover, GVC-funded companies that have received a first round of PVC are at least as likely as other PVC-backed companies to receive a second round of PVC or to be listed or acquired. After ruling out alternative explanations, we interpret these results as positive evidence of GVC firms' abilities in selecting promising companies and certifying them to PVC investors.",Journal of Business Venturing
Contingent value of political capital in bank loan acquisition: Evidence from founder-controlled private enterprises in China,"In this study, we combine the persistent and progressive perspectives of institutional theory with corporate governance to explore the contingency value of political capital on bank loan acquisition in the context of China's transition economy. Using a large set of national survey data on founder-controlled private firms in China, we find that the positive effect of political capital on acquiring bank loans is weakened under conditions characterized by low government intervention and more developed intermediate institutions. We also find that the facilitating role of political capital in bank loan acquisition is significantly dampened for firms that have adopted more governance mechanisms. Theoretical and managerial implications are discussed.",Journal of Business Venturing
Self-efficacy and entrepreneurs' adoption of unattainable goals: The restraining effects of self-control,"Goal setting theory suggests that difficult goals enhance performance on many tasks. When goals are so difficult as to be unattainable, however, they may generate discouragement and reduced motivation, with the result that performance, too, is decreased. Previous research indicates that entrepreneurs are high in self-efficacy and, as a result, may tend to set goals that are so difficult that they cannot realistically be achieved. We reason that self-control, one important aspect of self-regulation, may restrain this tendency and encourage entrepreneurs to set goals that, although difficult, are also attainable. Results offer support for this hypothesis. Goal setting theory also predicts a positive relationship between goal difficulty and performance. We suggest, and find, that this relationship is curvilinear: up to a point, increases in goal difficulty are positively related to firm performance, but beyond this point, further increases in difficulty are negatively related to firm performance. The findings of this study contribute to knowledge concerning the role of entrepreneurs' self-regulation in the performance of their companies.",Journal of Business Venturing
Aspiring to succeed: A model of entrepreneurship and fear of failure,"Fear of failure can dominate the choices of individuals. We model its role in the decision to become an entrepreneur and subsequent investments made in pursuit of success using the framework of loss aversion. We show that when an individual's threshold for success is sufficiently high, fear of failure motivates additional investment. When the threshold for success is equal to the foregone outside option, on the other hand, fear of failure is always de-motivating. Finally, regardless of the success threshold, fear of failure is negatively associated with entry into entrepreneurship. Our findings highlight the importance of the interaction between the degree of fear of failure and the aspirations of the would-be entrepreneur.",Journal of Business Venturing
"Subsidies, rent seeking and performance: Being young, small or private in China","Entrepreneurs in emerging market economies operate in weak institutional contexts, which can imply different types of government. In some countries (e.g., Russia), the government is predatory, and the main risk faced by (successful) entrepreneurs relates to expropriation. In other countries (like China) this kind of risk is lower; nevertheless the government is intrusive, and the rules of the game remain fluid. The implication of the latter for entrepreneurs is that they are more likely to spend time and resources on influence (rent seeking) activities rather than on productive activities. We illustrate this type of government by focusing on the distribution of subsidies in China. We present a simple formal model that explores not only the direct effects of rent seeking for a company but also externalities under a situation of policy-generated uncertainty in the distribution of subsidies. We explore how these effects differ for the entrepreneurial sector (young, private and small companies) compared with other sectors. We posit that while the performance of private companies is more affected than the performance of state firms, the impact of government-induced uncertainty on young and small companies is actually less pronounced. Our empirical analysis, based on a unique large dataset of 2.4 million observations on Chinese companies, takes advantage of the regional and sectoral heterogeneity of China for empirical tests.",Journal of Business Venturing
A comparison of the effect of angels and venture capitalists on innovation and value creation,"We examine the extent to which private equity investors generate value-added benefits to venture development and investigate whether these benefits differ across angel groups and venture capitalists. This is the first study to compare the relative contributions to venture innovation and successful exits by angel groups versus venture capitalists. We do so by tracking external investments in 350 technology ventures. The results suggest that VCs and angel groups contribute equally to innovation rates, but these effects are non-additive. We also show, however, that VC-backed ventures have more impactful innovations and experience faster commercialization rates.",Journal of Business Venturing
Corporate venture capital portfolios and firm innovation,"This study examines the conditions under which portfolios of corporate venture capital (CVC) relationships influence corporate investor innovation performance. We investigate this question using longitudinal data on CVC investment portfolios of 40 telecommunications equipment manufacturers. We find an inverted U-shaped effect of portfolio diversity on corporate investor innovation performance. We also find that the effect of diversity depends on the depth of knowledge resources available in the portfolio. These results contribute to the interorganizational learning, corporate venture capital and open innovation literatures by showing how the breadth and depth of knowledge resources available in a portfolio of external partnerships with young ventures interact to influence firm innovation.",Journal of Business Venturing
The many faces of entrepreneurial failure: Insights from an empirical taxonomy,"Research on entrepreneurial failure has primarily addressed two issues: the causes and potential consequences of business failure for entrepreneurs. However, few studies are devoted to rethinking the concept of entrepreneurial failure as a multiform phenomenon that involves various configurations. This article extends the understanding of entrepreneurial failure by examining the different configurations that can occur and the associated profiles of failing entrepreneurs. To that end, two major approaches to configuration -- theoretically derived typology and empirically grounded taxonomy -- have been used to offer a more nuanced view of entrepreneurial failure. This study's findings provide a starting point for a stronger theoretical grounding of research that goes beyond the traditional interpretation of entrepreneurial failure and opens new avenues of research opportunities to explore and compare the different configurations that have emerged and identify the possible dynamism and trajectories among these configurations.",Journal of Business Venturing
Are the HR responses of small firms different from large firms in times of recession?,"This paper uses British large scale survey data to examine the extent to which the recent financial crisis has affected firms' operational activity, and whether or not the existence of human resource (HR) practices have influenced firms' response to recession and workers' job experience. Our findings suggest that SMEs are more vulnerable during times of economic hardship than larger firms, but those with HR practices have shown more resilience to the downturn. Also, we find that having HR practices increases the likelihood of the firm to adopt organisational measures although the response to recession differs significantly between smaller and larger firms. Finally the results indicate differences in workers' job experience during the recession which is moderated by high and low levels of management formality.",Journal of Business Venturing