Title,Abstract,Journal
"Job design research and theory: Past, present and future","This article reviews the research and theory that have focused on the design of jobs in organizations. We begin by summarizing some of the earliest work on this topic and then move to a discussion of several approaches to job design that attempted to address the shortcomings of this work. Next, we discuss several streams of contemporary research that have expanded the scope or deepened our understanding of job design. We conclude with a discussion of some future directions for research with an emphasis on job crafting, the effects of new work arrangements on the design of jobs, generational differences and reactions to job design, cultural differences and job design, and the impact of job design on organizational structures and employees' personal characteristics.[web URL:http://www.sciencedirect.com/science/article/pii]",Organizational Behavior and Human Decision Processes
Securing foundations and advancing frontiers: Prevention and promotion effects on judgment &amp;amp; decision making,"Over the past two decades, research testing regulatory focus theory has made multiple contributions to understanding better many different psychological issues. In this article, we detail the foundations of regulatory focus theory, its wide-ranging impact, and its implications in particular for understanding the motivational underpinnings of judgment and decision making. We then explore new developments regarding the interactions between regulatory focus and the psychological experience of being above or below the status quo, and note how this research helps to further distinguish regulatory focus from more general models of approach-avoidance. We then close with a discussion of new research on the relation among regulatory focus, politics, and culture, and between regulatory focus and ethics--both of which may be of special interest to organizational psychologists and decision scientists.[web URL:http://www.sciencedirect.com/science/article/pii]",Organizational Behavior and Human Decision Processes
The social world as an experimental game,"This paper presents a selective review of decades of empirical research on behavioral games, with a particular focus on experimental games. We suggest that games effectively (but imperfectly) model many human social interactions, and we present important findings from six popular experimental games -- Prisoner's and Social Dilemmas, and the Trust, Ultimatum, Dictator, and Deception games -- to discuss their theoretical and empirical implications as well as their various insights into human nature. We close by asking several fundamental questions about games and suggesting several directions and ideas for future research.[web URL:http://www.sciencedirect.com/science/article/pii]",Organizational Behavior and Human Decision Processes
Culture and decision making,"The study of culture and decision making addresses variations in how and why people from different cultures sometimes tend to decide differently. This review is organized around what is intended to be a comprehensive analysis of the distinct fundamental questions that people must answer in the process of making virtually all real-life decisions. Our emphasis was on recent developments as well as identifying important yet neglected topics (e.g., how decision episodes get started--or not, and why some decisions are never implemented). Early as well as current efforts have focused mainly on East Asian and North American Caucasian cultures, with little treatment of other populations. In such studies, individualism and collectivism have been the dominant explanatory factors although related but distinct concepts such as ""tightness"" and ""looseness"" have been welcome additions to recent discussions. Throughout, the review emphasizes practical concerns, such as the challenges of intercultural learning and collaboration.[web URL:http://www.sciencedirect.com/science/article/pii]",Organizational Behavior and Human Decision Processes
Bounded awareness: Implications for ethical decision making,"In many of the business scandals of the new millennium, the perpetrators were surrounded by people who could have recognized the misbehavior, yet failed to notice it. To explain such inaction, management scholars have been developing the area of behavioral ethics and the more specific topic of bounded ethicality--the systematic and predictable ways in which even good people engage in unethical conduct without their own awareness. In this paper, we review research on both bounded ethicality and bounded awareness, and connect the two areas to highlight the challenges of encouraging managers and leaders to notice and act to stop unethical conduct. We close with directions for future research and suggest that noticing unethical behavior should be considered a critical leadership skill.[web URL:http://www.sciencedirect.com/science/article/pii]",Organizational Behavior and Human Decision Processes
"Knowledge transfer in organizations: The roles of members, tasks, tools, and networks","This article describes advances in the study of knowledge transfer in organizations over the fifteen years since Argote and Ingram (2000) appeared in Organizational Behavior and Human Decision Processes. Argote and Ingram developed mechanisms of knowledge transfer and discussed factors that facilitate or impede transfer. Conditions under which knowledge transfer improves organizational performance were identified and conditions under which knowledge transfer is a source of competitive advantage for organizations were theorized. The current article concludes that research subsequent to the publication of Argote and Ingram has both increased the depth of our understanding of knowledge transfer and broadened the factors considered as predictors and consequences of transfer. Challenges to studying knowledge transfer, primarily in the area of measurement, are described, and new measurement approaches are discussed. We conclude with a discussion of future research directions that are likely to be productive and suggest that expanding the study of knowledge transfer to new problem domains, such as entrepreneurship, would advance knowledge of those domains as well as increase understanding of knowledge transfer.[web URL:http://www.sciencedirect.com/science/article/pii]",Organizational Behavior and Human Decision Processes
"Affect, emotion, and decision making","This article reviews research on affect, emotion, and decision making published in Organizational Behavior and Human Decision Processes from the 1990s onward. The review is organized around four topical areas: the influence of incidental mood states and discrete emotions on decision making, the influence of integral affect on decision making, affect and emotion as a consequence of decision making, and the role of regret in decision making. Some potential limitations of extant work on affect, emotion, and decision making are discussed. Lastly, particularly promising directions for future research are elaborated including intuition and decision making, ethical decision making, and affect and emotion over time and decision making.[web URL:http://www.sciencedirect.com/science/article/pii]",Organizational Behavior and Human Decision Processes
Self-as-object and self-as-subject in the workplace,"Drawing on James's (1890) age-old distinction between the ""Me-self"" and the ""I-self,"" we discuss the implications of two self-processes (self-as-object and self-as-subject, respectively) for organizational behavior. The self-as-object is primarily concerned with thinking about oneself in valued ways, whereas the self-as-subject is primarily concerned with behavioral self-regulation. Using two prominent self-theories (self-affirmation, a self-as-object framework) and ego depletion theory (a self-as-subject perspective), we first show how results across disparate literatures in organizational behavior may be accounted for by common underlying mechanisms, and the advances that emerge from recognizing this convergence. We then consider a variety of ways in which insights into organizational behavior may be gleaned from examining the self-as-object and self-as-subject conjointly. Processes associated with the self-as-object and self-as-subject combine interactively to influence employees' attitudes and behavior, and they also influence one another. Furthermore, considering the two self-processes in tandem shows how: (1) effects that appear to be similar differ meaningfully in the mechanisms accounting for them, and (2) seemingly discrepant results may be reconciled. Our analysis demonstrates that the two self-processes have implications for many literatures in organizational behavior including motivation, organizational change, ethics, justice, escalation of commitment, social identity, control, and power. Suggestions for future research and managerial implications also are provided.[web URL:http://www.sciencedirect.com/science/article/pii]",Organizational Behavior and Human Decision Processes
"Past, present, and potential future of team diversity research: From compositional diversity to emergent diversity","We review research in team diversity to take stock of the current state of the science, the trajectory that led to this state, and a potential way forward that would lead to more integrative theory in diversity research. We outline how diversity research has developed into the current state of the science with growing consensus on key mediating processes in the diversity-performance relationship and growing consensus that this relationship is contingent on moderating influences. We see important challenges in moving the field forward in two key areas: first, in integrating diversity research with its emphasis on diversity in relatively stable attributes -- trait diversity -- with research in more state-like composition variables -- state diversity; second, in integrating research in compositional diversity with research on emergent diversity -- diversity in team interaction processes and team emergent states. We propose that meeting these challenges will result in more broad-ranging theory that has for instance the potential to bridge research in team diversity and individual-team dissimilarity (relational demography).[web URL:http://www.sciencedirect.com/science/article/pii]",Organizational Behavior and Human Decision Processes
"Motivation in organizational behavior: History, advances and prospects","In this article we selectively review major advances in research on motivation in work and organizational behavior since the founding of Organizational Behavior and Human Performance (now Organizational Behavior and Human Decision Processes) 50 years ago. Using a goal-based organizing rubric, we highlight the most impactful articles and summarize research progress over time related to understanding the why, where, how, what, and when of motivation during goal choice and goal enactment. We also note macro-level trends in motivation research published in this journal, including the shift away from publishing new, core theories of work motivation in favor of using new approaches published elsewhere to examine key micro-regulatory processes involved in goal decisions and goal pursuit. We conclude with discussion of promising future research directions.[web URL:http://www.sciencedirect.com/science/article/pii]",Organizational Behavior and Human Decision Processes
"Social-cognitive, relational, and identity-based approaches to leadership","We review the leadership literature published in this journal during the 50 years since its inception. Our focus is on three major contributions to leadership theory -- social-cognitive, leader-member exchange, and social identity theories -- as well as the role in advancing leadership theory of seminal theories published in this journal. During this period, the conceptualization of leadership has become more inclusive and dynamic, expanding to include both leaders and followers, and their team and organizational context. Dynamics pertain not only to the development over time in leader-member relationship, but also to within-person changes in active identities and behavioral styles that repeatedly occur. This complexity creates sensemaking challenges for all parties, as they both create and experience leadership processes.[web URL:http://www.sciencedirect.com/science/article/pii]",Organizational Behavior and Human Decision Processes
Negotiation,"Negotiation has been an important area of research within organizational behavior and management science for the past 50 years. In this review, we adapt Brett's model of culture and negotiation (Brett, 2000) and use it as an organizing guide to examine the factors that research has shown to affect 3 key measures, namely: negotiators' interests and priorities, strategies and social interactions, and outcomes. Specifically, the model focuses on psychological factors including cognitions and biases, personality, motivation, emotions and inclination to trust; and social-environmental factors including reputation and relationship, gender, power and status, and culture. We conclude with a discussion of how future directions might address some of the limitations of current research.[web URL:http://www.sciencedirect.com/science/article/pii]",Organizational Behavior and Human Decision Processes
Big picture is better: The social implications of construal level for advice taking,"Advice taking is of growing interest to organizational scholars because it is a critical pathway for knowledge transfer and learning. Based on construal level theory, we hypothesize that high construal advisors are viewed as experts and, in turn, others are more likely to take their advice. In a field study of an online community of programmers and a laboratory experiment measuring psychological mechanisms, we find that signaling higher construal by communicating more abstractly is positively associated with expert reputation, which in turn explains others' advice-taking behavior. Implications for research on the social consequences of construal level and novel antecedents of perceived expertise and advice taking are discussed. [web URL: http://www.sciencedirect.com/science/article/pii/S0749597816303028]",Organizational Behavior and Human Decision Processes
How backup plans can harm goal pursuit: The unexpected downside of being prepared for failure,"When pursuing a goal, making a backup plan has many benefits, including reducing the psychological discomfort associated with uncertainty. However, we suggest that making a backup plan can also have negative effects. Specifically, we propose that the mere act of thinking through a backup plan can reduce performance on your primary goal by decreasing your desire for goal achievement. In three experimental studies, we find that individuals randomly assigned to think through a backup plan subsequently performed worse on their primary goal (Studies 1-3). We further show that this effect is mediated by study participants&apos; decreased desire to attain their primary goal (Study 3). This research provides a fresh perspective on plan-making, highlighting an important yet previously unexplored negative consequence of formulating plans. [web URL: http://www.sciencedirect.com/science/article/pii/S0749597816302096]",Organizational Behavior and Human Decision Processes
Passing the buck: Delegating choices to others to avoid responsibility and blame,"Although people prize the ability to choose when making choices for themselves, this right may become a burden when tasked with choosing for others. We show that people are more likely to delegate choices for others than for themselves, especially choices with potentially negative consequences. This is driven by a desire to avoid feeling responsible or being blamed for such decisions rather than a desire to avoid making difficult choices or a lack of concern for others&apos; outcomes, and is unique to delegation and does not extend to other methods of choice avoidance, like delaying decisions or flipping a coin, that do not absolve decision makers of responsibility and blame. Moreover, people only delegate to others who can assume responsibility, regardless of their expertise, consistent with the notion that people delegate primarily to cede responsibility and blame, not put choices in the hands of more capable decision makers. [web URL: http://www.sciencedirect.com/science/article/pii/S0749597815300108]",Organizational Behavior and Human Decision Processes
Overcoming the fear factor: How perceptions of supervisor openness lead employees to speak up when fearing external threat,"While fear is generally assumed to powerfully limit employee voice, a functional view of emotions suggests that responses to fear vary. Instead of assuming that fear is negatively associated with voice, I argue that this relationship may be more complex. Adopting a functional view of emotions, I hypothesize that fears from external sources focus attention on shared threat to the organization and may be positively associated with employee voice. This effect is likely contingent: when employees perceive their supervisors as open to input, they are motivated to speak up. Thus, perceptions of supervisor openness can help transform other-focused motives resulting from fearing external threat into information-sharing. Results from two studies suggest that fear of external threat positively relates to voice when employees perceive their supervisor as open to input. Additionally, results suggest that this interactive effect is mediated by prosocial motivation spurring employees to speak up when fearing external threat. [web URL: http://www.sciencedirect.com/science/article/pii/S074959781630262X]",Organizational Behavior and Human Decision Processes
Saving the masses: The impact of perceived efficacy on charitable giving to single vs. multiple beneficiaries,"People are more generous toward single than toward multiple beneficiaries, and encouraging greater giving to multiple targets is challenging. We identify one factor, perceived efficacy, which enhances generosity toward multiple beneficiaries. We investigate relationships between perceived self-efficacy (believing one can take steps to make an impact), response efficacy (believing those steps will be effective), and charitable giving. Four studies show that increasing perceived self-efficacy increases perceived response efficacy (Studies 1 and 2) and increases donations for multiple beneficiaries (Studies 1-4). Further, results show that boosting perceived self-efficacy enhances giving to a greater extent for multiple than for single beneficiaries (Studies 3 and 4). These effects emerge using various charitable giving contexts, efficacy manipulations, and measures of generosity. [web URL: http://www.sciencedirect.com/science/article/pii/S0749597816303405]",Organizational Behavior and Human Decision Processes
Incorporating conflicting descriptions into decisions from experience,"Decisions in everyday life are commonly made using a combination of descriptive and experiential information, and these two sources of information frequently contradict each other. However, decision-making research has mostly focused on description-only or experience-only tasks. Three experiments show that individuals exposed to description and experience simultaneously are influenced by both, particularly in situations in which descriptions are in conflict with experience. We examined cognitive models of how people integrate their experience with descriptions of choice outcomes, with different weights given to each source of information. Experience was the dominant source of information, but descriptions were taken into consideration, albeit at a discounted level, even after many trials. Models that included the descriptive information fitted the human data more accurately than models that did not. Wider implications for understanding how these two commonly available sources of information are combined for daily decision-making are discussed. [web URL: http://www.sciencedirect.com/science/article/pii/S074959781630303X]",Organizational Behavior and Human Decision Processes
The impact of personal responsibility on the (un)willingness to punish non-cooperation and reward cooperation,"To promote cooperation, people often rely on the administration of sanctions. However, from previous research we know that those in control of sanctions are generally reluctant to punish noncooperative choice behavior and prefer to reward cooperative choice behavior, which is consistent with the do-no-harm principle. We propose that people are reluctant to punish because they feel personally responsible for the harm done. As such, we argue and demonstrate that the relative preference for rewarding over punishing is more pronounced when people decide individually than jointly (Experiment 1 and 2). Moreover, we show that the effect of grouping individuals on the reluctance to punish is mediated by feelings of personal responsibility (Experiment 3). These findings corroborate our reasoning that the feeling of personal responsibility has a self-restraining impact on the willingness to punish those who impair others' interests, but not on the willingness to reward those who serve others' interests. [web URL: http://www.sciencedirect.com/science/article/pii/S0749597816301042]",Organizational Behavior and Human Decision Processes
"Group rewards, group composition and information sharing: A motivated information processing perspective","Invoking the Motivated Information Processing in Groups (MIP-G) model, we argue that group performance-based pay plays a dual role in stimulating both epistemic and prosocial motivation. We experimentally examine the effects of group incentives on information sharing both directly and as a substitute for personality-based epistemic and prosocial motivators. Results support a relationship between group performance-based pay and increased dispersed information sharing. The interaction effects of pay conditions and group composition provide additional support for a dual role for group-based pay. For groups low in openness-to-experience, pay based on group-performance enhances dispersed information-sharing. For groups low in agreeableness, a group pay-for-performance condition leads to more time in discussion which leads to greater sharing of dispersed information. Finally, through effects on discussion time and information sharing, group performance-based rewards increase task performance. By explicating the role of group rewards on information sharing, our study contributes to the MIP-G and decision-making literatures. [web URL: http://www.sciencedirect.com/science/article/pii/S0749597816302084]",Organizational Behavior and Human Decision Processes
"For a dollar, would you...? How (we think) money affects compliance with our requests","Research has shown a robust tendency for people to underestimate their ability to get others to comply with their requests. In five studies, we demonstrate that this underestimation-of-compliance effect is reduced when requesters offer money in exchange for compliance. In Studies 1 and 2, participants assigned to a no-incentive or monetary-incentive condition made actual requests of others. In both studies, requesters who offered no incentives underestimated the likelihood that those they approached would grant their requests; however, when requesters offered monetary incentives, this prediction error was mitigated. In Studies 3-5, we present evidence in support of a model to explain the underlying mechanism for this attenuation effect. Studies 3 and 4 demonstrate that offering monetary incentives activates a money-market frame. In Study 5, we find that this activation reduces the discomfort associated with asking, allowing requesters to more accurately assess the size of their request and, consequently, the likelihood of compliance. [web URL: http://www.sciencedirect.com/science/article/pii/S0749597816302102]",Organizational Behavior and Human Decision Processes
Why and when do employees imitate the absenteeism of co-workers?,"We aimed to shed light on the reason why individual employees adjust their absence levels to their co-workers' absence behavior and under what conditions imitation is most likely by integrating social learning theory and social exchange theory. In Study 1, a vignette study among 299 employees, we found that respondents were more likely to call in sick when coworkers were often absent because respondents had more tolerant absence norms and more economic as opposed to cooperative exchange norms. This study also showed that employees strongly disapproved of absence and had stronger cooperative exchange norms when they worked in highly cohesive and task interdependent teams. In Study 2, a field study in 97 teams, we found that coworker absence was less strongly imitated under conditions of high cohesiveness and task interdependency. Our findings suggest that employee behavior is not only influenced by team norms about acceptable absence levels, but also by norms on what level of cooperation is expected. [web URL: http://www.sciencedirect.com/science/article/pii/S0749597816302023]",Organizational Behavior and Human Decision Processes
"Incivility hates company: Shared incivility attenuates rumination, stress, and psychological withdrawal by reducing self-blame","Although episodes of workplace incivility can lead to deleterious personal and performance outcomes, we suggest that differences in how incivility is experienced (i.e., as a singled-out target, or in the company of another who is also treated uncivilly) can have significant impact on the cognitions and behaviors that follow uncivil treatment. Drawing from Sociometer Theory, we test the notion that sharing the experience of incivility with another target can greatly diminish individual-level harm, and demonstrate that causal beliefs related to self-blame mediate consequent downstream effects. Using an experimental design within a team task environment, we found that experiencing incivility from a team member increased participants' rumination about mistreatment, task-related stress levels, and psychological withdrawal behavior. Moreover, we found support for conditional indirect effects, such that viewing mistreatment of a fellow team member at the hands of the same uncivil team member (shared incivility) attenuates the harmful effects of incivility, by reducing self-blame. [web URL: http://www.sciencedirect.com/science/article/pii/S0749597816300735]",Organizational Behavior and Human Decision Processes
"Secret conversation opportunities facilitate minority influence in virtual groups: The influence on majority power, information processing, and decision quality","We examined the impact of secret conversation opportunities during virtual team discussions on majority opinion holders' motivation to attend to minority opinion holders. Studies 1a and b showed that majorities were more motivated to process others' arguments when secret conversation opportunities were available (vs. not), provided these arguments contained unique (vs. shared) information and this information was offered by the minority (vs. majority). Study 2 demonstrated that this effect occurs because secret opportunities made majorities feel less powerful after being exposed to unique information from the minority (Study 2a), especially when majority members expected others to use these channels (Study 2b). Study 3 used an interactive group decision-making task and demonstrated that the increased majority motivation triggered by secret opportunities increased group decision quality. Study 3 also examined whether secret opportunities influence the minority and whether the effect is robust across different communication settings. [web URL: http://www.sciencedirect.com/science/article/pii/S0749597815000783]",Organizational Behavior and Human Decision Processes
Can peers' ethical and transformational leadership improve coworkers' service quality? A latent growth analysis,"We examined how the leadership styles of individuals designated by management to serve as service quality leaders among their peers were related to changes in peers' beliefs about new customer service behaviors and, in turn, changes in their behaviors. Both transformational leadership and ethical leadership of peer leaders promoted greater adherence to service quality guidelines for service behaviors and customer service performance through increases in peers' positive beliefs about engaging in behaviors that adhere to the guidelines. Results showed that the two leadership styles influenced service quality adherence and service performance through two distinct paths. Transformational leadership enhanced peers' beliefs about the benefits of the service behaviors (i.e., behavioral beliefs). Ethical leadership enhanced beliefs about social expectations for engaging the behaviors (i.e., normative beliefs). We discuss how these findings inform research and theory concerning the role of leadership styles in promoting behavioral change among peers. [web URL: http://www.sciencedirect.com/science/article/pii/S0749597816300747]",Organizational Behavior and Human Decision Processes
On the misguided pursuit of happiness and ethical decision making: The roles of focalism and the impact bias in unethical and selfish behavior,"An important body of research in the field of behavioral ethics argues that individuals behave unethically and selfishly because they want to obtain desired outcomes, such as career advancement and monetary rewards. Concurrently, a large body of literature in social psychology has shown that the subjective value of an outcome is determined by its anticipated emotional impact. Such impact has been consistently found to be overestimated both in its intensity and in its duration (i.e. impact bias) due to focalism (i.e. excessive focus on the desired outcome). Across four empirical studies, this investigation demonstrates that reducing focalism and thereby attenuating the impact bias in regards to desired outcomes decreases people's tendency to engage in both unethical and selfish behavior to obtain those outcomes. [web URL: http://www.sciencedirect.com/science/article/pii/S0749597816000029]",Organizational Behavior and Human Decision Processes
Blind loyalty? When group loyalty makes us see evil or engage in it,"Loyalty often drives corruption. Corporate scandals, political machinations, and sports cheating highlight how loyalty's pernicious nature manifests in collusion, conspiracy, cronyism, nepotism, and other forms of cheating. Yet loyalty is also touted as an ethical principle that guides behavior. Drawing on moral psychology and behavioral ethics research, we developed hypotheses about when group loyalty fosters ethical behavior and when it fosters corruption. Across nine studies, we found that individuals primed with loyalty cheated less than those not primed (Study 1A and 1B). Members more loyal to their fraternities (Study 2A) and students more loyal to their study groups (Study 2B) also cheated less than their less loyal counterparts due to greater ethical salience when they pledged their loyalty (Studies 3A and 3B). Importantly, competition moderated these effects: when competition was high, members more loyal to their fraternities (Study 4) or individuals primed with loyalty (Studies 5A and 5B) cheated more. [web URL: http://www.sciencedirect.com/science/article/pii/S0749597815001004]",Organizational Behavior and Human Decision Processes
Social networks and employee voice: The influence of team members' and team leaders' social network positions on employee voice,"We examine the role of employees' and team leaders' social network positions, an important, yet understudied class of variables, in affecting employees' voice behaviors. Using multi-level, multi-source data from 185 employees nested within 43 teams and their team leaders, we find that employees who hold central positions in the formal, workflow network in the team are more likely to speak up with ideas and suggestions. This relationship is weakened when they are central to the team's avoidance network. In addition to employees' own network positions, team leaders' positions in such informal networks also play a role in qualifying the employee workflow centrality-voice relationship. Specifically, the positive relationship between employees' workflow centrality and their voice is strengthened when their team leaders occupy central positions in the friendship network, but is weakened when they are central to the avoidance network in the team. Implications for theory and practice are discussed. [web URL: http://www.sciencedirect.com/science/article/pii/S074959781500117X]",Organizational Behavior and Human Decision Processes
A stake in the fight: When do heterosexual employees resist organizational policies that deny marriage equality to LGB peers?,"Many organizations in the United States have articulated positions to support or oppose marriage equality for LGB individuals. To date, minimal research has considered how employees react to these positions, and none has considered the conditions that encourage heterosexual employees to stand in solidarity with LGB peers in favor of equal treatment. Two experiments grounded in social identity theory, the social identity model of collective action, and intergroup emotions theory examine these processes. Study 1 found that heterosexual employees' intentions to neglect work, quit, and engage in other acts of resistance in response to organizational marriage equality positions are highly contingent on identification with the LGB community. Study 2 replicated this pattern of results and found that this interaction was additionally contingent on identification with the organization itself. Further, the effects of the three-way interaction on behavioral intentions were fully mediated by the emotional experience of moral outrage. [web URL: http://www.sciencedirect.com/science/article/pii/S0749597815001168]",Organizational Behavior and Human Decision Processes
"I can do it, so can you: The role of leader creative self-efficacy in facilitating follower creativity","Creativity scholars have long called for more research on the effects of leader characteristics on employee creativity. Answering this call, this study draws on social cognitive theory to examine the effect of leader creative self-efficacy (CSE) on follower creativity. Using a sample of 544 employees nested under 106 supervisors at a large information technology company in the U.S., we obtained support for the indirect effect of leader CSE on follower creativity via leader encouragement of creativity and follower creative process engagement. In addition, follower leader-member exchange (LMX) strengthened the relationship between leader encouragement of creativity and follower creative process engagement. Thus, in the presence of higher LMX, leader CSE is likely to have a stronger positive impact on employee creativity through leader encouragement of creativity and, subsequently, follower creative process engagement. Our findings contribute to a better understanding of the role of leader attributes in employee creativity. [web URL: http://www.sciencedirect.com/science/article/pii/S0749597815001193]",Organizational Behavior and Human Decision Processes