Title,Abstract,Journal
Introduction,"When the Natural Resources Journal was created 60 years ago, students at the University of New Mexico School of Law were guided by the principle of creating a forum for interdisciplinary collaboration in solving resource-related problems. Today, the Journal is still guided by this principle and has assembled a compendium of articles from scholars and practitioners of various disciplines, from various countries, who all provide unique and stimulating approaches to natural resources and environmental law.&#xa0;",Natural Resources Journal
Water is for Fighting Over and Other Myths about Water in the West,,Natural Resources Journal
"THE REFORM OF THE COMPENSATION SYSTEM FOR ECOLOGICAL AND ENVIRONMENTAL DAMAGE IN CHINA: NATURAL RESOURCES, ENVIRONMENTAL ENFORCEMENT, AND LEGISLATION","The establishment of the Compensation System for Ecological and Environmental Damage promises to be a milestone development in China's environmental regulations. Historically, China has used two main legal tools-direct regulation and public interest litigation-to cope with the ecological and environmental damage under its current environmental laws and management systems, but they are unable to effectively break the paradox of ""polluted by the enterprises, suffered by the public, paid by the government."" China's new Compensation System for Ecological and Environmental Damage is becoming a feasible method to comprehensively remedy China's damaged environment by imposing negotiation and litigation against liable parties that engage in environmental pollution and ecological destruction. This article examines the new system's theoretical basis, framework, specific designs, and relationships with other existing systems. Additionally, this article provides an empirical overview of China's Ecological and Environmental Damage reform practice, including its features of non-retrospective liability, high compensation, and insufficient legal support. Given the law's current reform status, this article introduces two main pathways to address the problems facing authorities and liable parties. It then demonstrates that future steps for devising the new system should rely on systematic legislation derived from four core aspects: the legislative framework &amp; primary principles, liability mechanisms, dispute settlements, and fund management.",Natural Resources Journal
CAN ADAPTIVE MANAGEMENT HELP ALASKA'S NATURAL RESOURCE MANAGERS RESPOND TO CLIMATE CHANGE?,"Many legal scholars have called attention to the inability of stationary natural resource management laws to respond to a changing climate. There are various proposals for remedying these laws, including the use of adaptive management, through which resource managers can monitor changes and adjust policies accordingly. Yet there are practical and political challenges to implementing adaptive management. This article considers the extent to which adaptive management has been or could be implemented in response to Alaska's rapid climate change. Alaska is an important case study as it is warming far more quickly than many other parts of the globe, paving the way for species shifts and new commercial and industrial developments. The article is informed by interviews with twelve natural resource managers and researchers in Alaska as well as additional interviews with Alaskan agency representatives and community members. It concludes that adaptive management is occurring at small scales in Alaska and elsewhere, typically involving actions by lower-level managers in the context of permits or regulations that apply to a single species. These adaptive measures may not be labeled as ""adaptive management"" in agency regulations or even directly provided for in regulations, but they occur in spite of the many challenges to adaptive management.",Natural Resources Journal
ENERGY DECENTRALIZATION AND DECARBONIZATION: THE CASE OF ROMANIA AND MALTA,"This article aims to provide useful insights into Romania's and Malta's electricity sector, and critically assess the extent to which their current state is conducive to European Union (""EU"") ""smart grid"" objectives of energy decentralization and decarbonization. The article concludes that Malta has embraced reforms aimed at diversifying the energy sector, including the deployment of renewable energy sources, electric vehicles, smart meters and smart grids, all of which are aimed at tackling climate change challenges. In the case of Romania, it enjoys relative energy independence and security vis-à-vis its EU peers, but also other neighboring countries; however, it remains one of the most energy-intensive and polluting EU Member States. At the same time, Romania's performance in relation to increasing the share of renewable energy sources in energy consumption and electricity production places it among the leaders at the regional and EU levels, particularly in terms of wind-generated power.",Natural Resources Journal
COLLABORATIVE GOVERNANCE AND STAKEHOLDER PARTICIPATION IN THE COLORADO RIVER BASIN: AN EXAMINATION OF PATTERNS OF INCLUSION AND EXCLUSION,"The Colorado River Basin has a long history of conflict among water users that covet its limited supply. However, with an unprecedented drought and dwindling water supplies in key reservoirs, conflict has given way to collaboration as the strategy of choice in addressing water issues. In keeping with the decentralized management system in the Basin, numerous collaborative venues have been created to address emerging water issues; yet, there is limited information on the pattern of stakeholder participation in these venues. Understanding who is included and excluded from the decision-making process is vital for forging collaborative solutions that are fair, equitable, and balance competing water interests. In this article, we examine the institutional design of stakeholder participation in five formal collaborative venues: Colorado River Basin Salinity Control Program, Upper Colorado River Endangered Fish Recovery Program, Glen Canyon Dam Adaptive Management Program, Lower Colorado River Multi-Species Conservation Program, and United States-Mexico Binational Forum for the Colorado River Delta. We compare institutional arrangements at two levels, constitutional and collective-choice, which inform the governance and organizational structure of the five venues. We find that while the evolution of institutional arrangements has resulted in the broadening of stakeholder composition over time, there continues to remain unevenness in participation within and across venues. We build on our assessment and conclude by posing process and outcome-oriented questions related to stakeholder participation that will merit further attention if we are to build inclusive, participatory collaborative venues in the Colorado River Basin.",Natural Resources Journal
Where the Water Goes: Life and Death Along the Colorado River,,Natural Resources Journal
PLATOONING SEMI-TRUCKS IN NEW MEXICO: LIABILITY ISSUES AND REGULATORY SOLUTIONS,"According to New Mexico’s Autonomous Vehicle Committee, over a dozen car manufacturers are working to incorporate more automated technology into vehicles, making vehicles more autonomous over the next five to ten years. While vehicle automation has many uses and applications, this paper focuses specifically on automated semi-truck platooning. Semi-truck platooning is defined as two or more vehicles which follow each other at a set speed and distance in an attempt to reduce drag and increase fuel efficiency. Automation assists semi-truck drivers maintain speed and distance between platooning vehicles.4 Platooning could have environmental, commercial, and safety benefits for New Mexico. Environmentally, platooning could impact the amount of greenhouse gases attributed to transportation in the State. Commercially, New Mexico is part of a four state coalition that wants to develop platooning as a means to help commerce.5 Regarding safety, many proponents of platooning believe automation will generally make driving safer.6 Encouraging platooning is likely to have an overall positive effect in New Mexico, but consideration should be given to the inevitability of crashes involving nonplatooning motorists and platoons. New and traditional liability issues will arise from crashes involving nonplatooning motorists and platoons. Requiring all automated platooning vehicles to have standardized data storage within the vehicle will greatly influence litigation involving platoons. This paper addresses some of the liability issues associated with a potential crash involving platooning semi-trucks and suggests that the State regulate automated semi-trucks, including the way crash data is stored within the truck, to assist and protect any parties to litigation arising from such a crash.&#xa0;",Natural Resources Journal
Earth at Risk,,Natural Resources Journal
"The Legal Principle of Reciprocity in the Peaceful Management of Transboundary Watercourses: The Duty to Cooperate, Rules of Procedure and Self-Help Measures","As a legal principle, reciprocity influences the distribution of rights and duties providing a sense of fairness. This article explores the role that reciprocity plays in the law governing the use of transboundary waters shared by nation states (international water law). Three areas of the international law in this field – the duty to cooperate, the rules of procedure, and dispute settlement – are analysed through the lens of reciprocity. Although prevalent in general international law, the application of self-help measures finds scant consideration and practice in the field of international water law. Although such measures may be appropriate in this area, their application and scope may be limited. In terms of the reciprocal structure of international law, the emergence of the duty to cooperate as a possible obligation erga omnes, coupled with the now well-embedded rules of law in this field may help to explain why.",Natural Resources Journal
"""We Have to Talk About Climate""","In 2018, Administrator Gina McCarthy, who ran the U.S. Environmental Protection Agency (""EPA"") under President Barack Obama from 2013-2017, honored the University of New Mexico School of Law by speaking to a gathering of lawyers, students and community members about the role of lawyers in protecting the environment. Our symposium focused on ""Hot Topics in Environmental Law,"" which was also the central issue in Administrator McCarthy's message. The editors of the Natural Resources Journal are pleased to share Administrator McCarthy's poignant speech with our readership.",Natural Resources Journal
Thank You Fossil Fuels &amp;amp; Good Night: The Twenty-First Century's Energy Transition,,Natural Resources Journal
INTRODUCTION: WHAT YOU DON'T KNOW DOES PROTECT YOU,,Natural Resources Journal
Governing the Nile Under Climatic Uncertainty: The Need for a Climate-Proof Basin-Wide Treaty,"This article examines treaty flexibility and climate change adaptation in the context of the Nile Basin. The Nile Basin is the focus of a voluminous body of academic literature, but there are gaps in the literature regarding the legal regimes of the Nile. Political scientists have extensively studied the role of power dynamics and hydro-hegemony in their effort to determine ""who gets how much [of the Nile] water, when, where and why?"" Peace and Security scholars have also addressed the issue of whether the Nile River will be a source of conflict or a catalyst for cooperation. Legal scholars, on the other hand, have explored some of the substantive issues concerning the fragmented legal regimes governing the Nile watercourse. Still absent, however, is both a detailed analysis of treaty flexibility in the Nile Basin and a proposal for building a basin-wide, climate-proof treaty.",Natural Resources Journal
"The Ore Tailings Dam Rupture Disaster in Mariana, Brazil 2015: What We Have to Learn from Anthropogenic Disasters","This article presents a description of the largest environmental disaster in Brazil to date, the rupture of the ore tailings dam which occurred in the municipality of Mariana, Brazil. This event of environmentally, economically and socially catastrophic proportions was caused by a tsunami of mud from tailings resulting from ore exploitation. This article preliminarily describes the magnitude of the event focusing on regulatory failures that can yield lessons in order for future similar events to be avoided. The ultimate goal of this article is to reflect on the low capacity for evaluation and management of catastrophic risks, not only in Brazil, but throughout the world. To this end, this article will discuss how disaster law theory can provide a conceptual tool used to identify the regulatory and preventative deficits which compound the impact of serious environmental risks. This article then discusses suitable ways to utilize disaster law theory in the preparation of future disaster risk reduction policies.",Natural Resources Journal
Vertical and Horizontal Modes of Injustice in Air Pollution: a Comparison of Law and Society in China and the US,"This article will compare legal remedies to both pollution and environmental injustice available in the United States and China. In 2015, China adopted a law that shares many features with the U.S. Clean Air Act that have proven successful in the United States. The law is still new, but China's regional cultural differences, less experience with civil lawsuits, and uncertainty about the rule of law may risk its effectiveness. Furthermore, the evolving political situation in both China and the United States may change availability of remedies for class discrimination due to anti-pollution policies. Finally, this article will use the case study of the U.S. exporting waste and recyclables to China, where processing causes air pollution, to discuss pollution ""outsourcing"" across international boundaries. China has shown increasing willingness both to create regulations prohibiting accepting waste and to enforce those regulations.",Natural Resources Journal
New Materialism: An Ontology for the Anthropocene,"This article argues that the Anthropocene is not simply a new geologic epoch; it is an opportunity to embrace a new ontology. In it, we can reconfigure our orientation to the material world. The current, dominant ontology casts humans as villains responsible for mass extinctions, polluted oceans, and climate change. This ontology reinforces a familiar binary-one in which humans are separate from and doing things to nature. Humans are ruining the planet, causing it to fundamentally change in ways that are not ""natural"" precisely because humans are the agent of change. This view is perhaps best described by environmentalist Bill McKibben in his book The End of Nature in which he argues that ""nature"" is no longer anywhere because humans (via climate change) are now everywhere.",Natural Resources Journal
Waters of the State,"The Southern Nevada Water Authority, the agency that provides Las Vegas with water, is in the process of building a massive pipeline from the eastern central part of Nevada to Las Vegas. If the state of Nevada authorizes this project, it would help solve a pressing water supply problem for its largest population center: Las Vegas. But it will do so at the expense of less water for existing rural users. This includes Native American tribes who have fought mightily for decades to protect many of Nevada's rural water sources-including water that plays important cultural roles for the tribes.You might imagine that there would be a clear answer to how the law regulates these critical interests. However, that is not the case. The nature of state powers and rights over the water within their territorial boundaries is unclear-that includes the states' rights when it comes to its private citizens, neighboring states, and the federal government.",Natural Resources Journal
Externality: Origins and Classifications,"Evaluating the pervasive role of externalities in the academic literature requires that we understand what it means. In this article, we give an idea of the extent of the use of externalities. We consider the development of the concept during the past century, focusing on its leading architect A.C. Pigou and how his theories affected the concept's development. The core of this article will then argue that the term has become nearly meaningless due to its ubiquity, so we develop a classification for the major categories of externalities based on economic and legal logic. We contend that the instances in which policy actions are justified to deal with what are purported to be externalities are very small.",Natural Resources Journal
American Prairie Reserve: Protecting Wildlife Habitat on a Grand Scale,"The American Prairie Reserve (APR) is an ambitious private effort ""to create the largest nature reserve in the continental United States, a refuge for people and wildlife preserved forever as part of America's heritage."" To achieve this mission, APR must acquire title to hundreds of thousands of acres of private land while working closely with the federal and state agencies that manage public lands within and adjacent to the projected reserve. This effort has the potential to reestablish a population of as many as 10,000 bison that will help restore a prairie ecology over three and a half million acres once the Reserve reaches its intended size. APR is also controversial among many of the people who live in this sparsely populated region of Montana. How these issues might be resolved makes the American Prairie Reserve a useful case study of the potential role for markets in the future use and management of the vast grasslands administered by the BLM and the Forest Service.",Natural Resources Journal
Instream Flow Rights within the Prior Appropriation Doctrine: Insights from Colorado,"Under the prior appropriation doctrine, water rights are better defined and specified than under the riparian doctrine, but diversion requirements left instream flows unprotected. Primarily in the 1970s and 80s, states sought to extend water rights to include instream flow (henceforth ISF) uses, allowing for new appropriations and market-based transactions to establish ISF rights within the private property system rather than using eminent domain or the public trust doctrine to bolster ISFs. Due to cumbersome administrative processes and other transaction costs, relatively few transfers or appropriations have occurred. Those that have often have rights subordinate (through legal qualifications) or at least junior to earlier diversion rights, leading critics to question the right-based preservation. This article rigorously analyzes the case of Colorado, one of the most active programs in the US within the most regimented water right systems. Despite relatively few acquisitions, the junior ISF appropriations have protected numerous miles of streams by 1) deflecting future diversionary rights, 2) requiring protection of any upstream transfers, and 3) reducing upstream withdrawals from existing diversion rights despite ISF's junior status. The shift to diverting more downstream stems from additional investment in monitoring and enforcement which provides informational externalities to existing water right holders.",Natural Resources Journal
The Market To Roam: Using Sharing Economy Platforms for Expanding Roaming Access to Land Resources,"Outdoor recreation is big business. And, the majority of recreationalists do not have their own property upon which to recreate or roam. This article proposes a framework for a market to roam, where technology-facilitated bargaining leads to transfers of roaming rights and the provision of access across private lands. Such a system can borrow from what we know about traditional land use cooperation platforms, together with what we are learning from the sharing economy and its use of technology platforms to assist with matching owners of under-utilized resources with individuals interested in accessing or using those resources. The article engages with property law debates over the capability of the property system to support subdivision of rights, or sticks, in the property rights bundle. New sharing economy mechanisms are demonstrating just how such technologies can make transactions in subdivided property bundles more accessible to owners and users of property. Expanded access to interact with ecological resources while roaming on private lands could be obtained through strong exclusion rights facilitated by innovative technologies and organizational models that help foster greater inclusion through easy and accountable access rights. The article concludes that an exclusion rights-based market to roam is superior for achieving the ecological and other ends progressive property scholars seek when advocating for mandatory access and free roaming rights.",Natural Resources Journal
Legal and Institutional Barriers to Establishing Non-Use Rights to Natural Resources,"For many natural resources, property rights are established and maintained by using the resource, but this creates obstacles to the emergence of non-use rights for environmental or conservation purposes. If rights can only be established once a resource is used, then the institutions that govern natural resources will be unable to resolve conflicting use and non-use demands. This article describes the ways in which various natural resource governance institutions are based on use rights and the obstacles that creates for accommodating environmental demands based on non-use. It provides several case studies that illustrate the challenges of establishing non-use rights to rangelands, oil and gas resources, timber, and water. These institutional impediments to the emergence of property rights-based solutions to conflicts over natural resources have been overlooked by many scholars, but they may be as important and prevalent as the common concerns over the provision of public goods and the free-rider problem.",Natural Resources Journal
Sustainability: Approaches to Environmental Justice and Social Power,,Natural Resources Journal
Second Generation Property Rights Issues,"For decades, scholarship, inspired by Ronald Coase and advocating greater use of property rights and markets, has focused on important ""first generation"" issues related to establishing property rights. This article makes two main points. First, it highlights the potential for things to go awry after property rights have been established in environmental resources. In emphasizing that property rights may become misallocated, this article draws on the theoretical arguments recently advanced by Eric Posner, Glen Weyl, and Lee Fennell that private property can lead to allocative inefficiency. Second, this article highlights three categories of explanations for why environmental property rights are not sufficient to promote socially desirable outcomes, with a view towards stimulating more thought on ways that misallocations might be addressed.",Natural Resources Journal
Fractivism: Corporate Bodies and Chemical Bonds,,Natural Resources Journal
Eating the Ocean,Brethour reviews Eating the Ocean by Elspeth Probyn.,Natural Resources Journal
"Buliding the New American Economy: Smart, Fair, and Sustainable","Wheaton reviews Building the New American Economy: Smart, Fair, and Sustainable by Jeffrey D. Sach.",Natural Resources Journal
"How Wide is Wide Enough?: Science, Values, and Law in Riparian Habitat Conservation","Difficult environmental policy issues often elicit fervent declarations to “follow the science.” Such declarations ignore the essential role of values in policy making. The main purpose of this article is to clarify the relationships among science, values, and law in environmental policy. An important policy issue in wildlife conservation, is determining “how much is enough?” That is, what is the smallest amount of habitat or minimum population size that is adequate for the long-term survival of wildlife populations? This paper presents three case studies in which policy makers decided how much was enough for protecting freshwater salmonid habitats. The case studies are the federal Northwest Forest Plan, the Habitat Conservation Plan (HCP) for Washington’s forested trust lands, and the HCP for Washington’s forest practices rules. Because all three plans were developed for the same habitats and species in the same region over a span of roughly seven years, all drew from the same body of science. Hence, the differences among the conservation plans cannot be attributed to differences in the available science. We explain how differences in habitat conservation were largely due to differences in societal values that were expressed through different legal frameworks. The legal frameworks established unique policy decision spaces for each plan. Strong leadership, vague or ambiguous statutory language, and commitments to adaptive management expanded the decision space for policy makers. Our case studies also show how values affected each plan through negotiations amongst stakeholders and/or leadership by key political figures. By appropriately integrating science and values these conservation plans led to lawful resolutions of a difficult environmental policy issue but in different ways. The lessons learned are highly relevant to other environmental issues.",Natural Resources Journal
Fair and Equitable Treatment of Foreign Investors in an Era of Sustainable Development,"The long-existing debate surrounding the environmental impacts of investment liberalism has been intensified by the rapid growth of an international investment regime, which now consists of more than 3,000 international investment agreements (“IIAs”) and more than 700 investor-state arbitration cases. Many scholars, states, and non-governmental organizations (“NGOs”) fear this effective investment protection regime may intrude on or “chill” the host state’s sovereign right to regulate public interests, including environmental protection. An unsolved task for arbitral tribunals is to distinguish non-compensable legitimate environmental regulation from regulatory conduct that triggers compensation paid by host states to foreign investors. This article provides a methodology to solve this task by focusing on one of the most prominent standards of treatment in IIAs-the Fair and Equitable Treatment (“FET”) Standard. The FET standard requires host states to provide fair and equitable treatment to foreign investors in their territories. Based on an examination of existing jurisprudence, this article analyzes four models adopted by tribunals in crafting the general threshold of the FET standard in environment-related investment cases and examines the tribunals’ diverse approaches to assessing the stability and due process of the host state’s environmental regulation. Ultimately, this article proposes a methodology to harmonize the chaos in jurisprudence: without specific commitments made by a host state to a foreign investor, the host state’s environmental regulation does not violate the FET standard, as long as the regulation is reasonable to achieve a genuine environmental protection objective and is applied nondiscriminatorily and with due process.",Natural Resources Journal
Environmental Racism with a Faint Green Glow,"For the last thirty years, environmental justice, that is, the equitable distribution of environmental pollution among all members of society, has informed environmental decision-making at every level of government. While most Federal agencies responsible for environmental regulation have taken meaningful steps to address the disparate impacts of pollution on low-income communities and communities of color, the United States Nuclear Regulatory Commission has lagged behind. As a result, low-income communities and communities of color bear the disproportionate burden of nuclear pollution in the United States. This article explores the impacts of the nuclear fuel chain on environmental justice communities, and the NRC’s attempts to address those impacts. It will also critique the NRC’s environmental justice policy and offer an alternative to that policy which could result in more favorable outcomes for communities faced with nuclear pollution.",Natural Resources Journal
Three Alternatives for Managing Free-Roaming Horses and Burros: A Legal Refrom,"The Wild Free-Roaming Horses and Burros Act is overdue for repeal or revision. The Wild Horse and Burro Program is expensive for taxpayers, detrimental to rangelands, and harmful to the thousands of free-roaming equines it is intended to benefit. For nearly half a century, the Bureau of Land Management and United States Forest Service have struggled to balance the mandates of the Wild FreeRoaming Horses and Burros Act amidst a political and social climate that makes compliance impossible. Forty-six years after the Act was passed, the agencies are further from arriving at a solution than they have ever been. The time to change is now, and this article proposes solutions.",Natural Resources Journal
The Regulatory Framework of Produced Water in New Mexico and Why N.M. Stat. Ann. § 72-12-25(B)(1) (2009) Should be Amended,"Produced water is a problem. This brackish byproduct of oil and gas production contains salts, dissolved solids, organic compounds, and naturally occurring radioactive materials. And that is putting it nicely. Produced water is seen as a liability to oil and gas producers and is generally disposed of via reinjection or open pits. The disposal is costly and creates future environmental hazards. However, through emerging technology and minor alterations to the New Mexico Statutes, this liability can be converted to an asset for all New Mexicans. In 2009, the New Mexico Legislature bifurcated the appropriation method for produced water by the intended future use of the water. Appropriations for certain industrial and agricultural uses are allowed under a truncated appropriation process; while any other use must follow the costlier traditional appropriation method. Under the new rules, oil and gas producers need only file a form with the State to ‘appropriate’ the water for reinjection or disposal via certain industrial uses. However, if the producer desires to use the produced water in any nonenumerated purpose, including making the water potable, the producer must follow the costly and time consuming traditional appropriation route. By removing this bifurcation, the New Mexico Legislature would encourage producers to actively seek additional uses of what was once deemed a liability. This would reduce environmental concerns and lower overall oil and gas production costs while ‘creating’ more water resources in an arid state.",Natural Resources Journal
Introduction,"Issue 58.2’s articles span the scope of NRJ topics from a basic natural resources question of how to regulate produced water in oil and gas production to national and international mixed natural resources and environmental topics including environmental justice in the nuclear fuel chain, the role of science and values in environmental policy making, alternatives for wild horses and burros management in the U.S., and the ability of host states to environmentally regulate foreign investor’s natural resource projects under international investment agreements.",Natural Resources Journal
Shooting Stars and Dancing Fish: A Walk to the World We Want,Starcher reviews Shooting Stars and Dancing Fish: A Walk to the World We Want by Antonio A. Oposa Jr.,Natural Resources Journal
Human Rights and the Global Climate Change Regime,"This article discusses human rights implications of the market-based mechanisms operationalized under the global climate change regime. It examines greenhouse gas emissions rights created by the Kyoto Protocol and continued by the Paris Agreement. This article discusses implications of these rights for the protection and realization of human rights in the wake of climate change and argues that greenhouse gas emissions rights, as currently constituted, are incompatible with human rights protections. While the Paris Agreement’s recognition of human rights is a significant development, the protection and realization of human rights by states under a free-market approach to climate change remains a challenge. This article calls for allocation of carbon investment rights for developing countries as a means of promoting the climate justice platform identified by human rights proponents, and reducing the economic gulf between developed and developing countries.",Natural Resources Journal
Introduction,,Natural Resources Journal
"Water Planning, Tribal Voices, and Creative Approaches: Seeking New Paths Through Tribal-State Water Conflict by Collaboration on State Water Planning Efforts","More than a century after the Supreme Court issued its foundational Indian water law cases, only a handful of American Indian tribes have secured decrees or settlements of legally enforceable water rights. Efforts to resolve tribal water claims are typically hampered by legal and factual complexities as well as the equitable and political legacy of the United States’ western expansion. Meanwhile, those difficulties notwithstanding, planners are refining their methodologies and rising to new challenges our water resource management systems now face (e.g., climate variability, aging infrastructure, changing use-value priorities, etc.). Signaling a departure from exclusive reliance on formal dispute resolution mechanisms for facilitating tribal-state engagement on water resource issues, states have begun to engage tribal governments in collaborative water planning efforts. While planning cannot serve as a substitute for the enforceable legal finality of a decree or congressionally approved settlement, tribal-state collaboration in appropriate context and structure may present new opportunities for making overdue progress. Drawing on law, history, political science, Native American studies, and principals of dispute resolution and management, this article situates and explores the experiences of California, New Mexico, and Oklahoma in their outreach to tribes in state-led water planning efforts.",Natural Resources Journal
Grains,Gaynor reviews Grains by Bill Winders.,Natural Resources Journal
A Lot to Digest: Advancing Food Waste Policy in the United States,"An estimated thirty-one percent of the food grown, produced, and transported in the United States is wasted annually. This waste translates into ninety-six billion pounds of food and $165 billion in lost economic value. Food waste occurs at all phases of the supply chain, stretching from farm to table, and imposes substantial economic, environmental, and social costs. This Article highlights the staggering quantity of food waste in the United States and argues that certain innovative policies and market-based initiatives that strategically target the most egregious and unjustifiable types of food waste can efficiently reduce this problem. Applying a simple cost-benefit framework to determine when it is most cost-justifiable to reduce food waste, this Article identifies specific stages of the food supply chain where food waste reduction policies are likely to generate net social benefits. The Article also sets forth principles to aid policymakers in tailoring incentive policies and legal requirements to optimally mitigate food waste in the coming decades.",Natural Resources Journal
Alchemical Rulemaking and Ideological Framing: Lessons from the 40-Year Battle to Regulate Mercury Emissions from Electric Power Plants,"Environmental mercury has long been linked to adverse health impacts on human populations. Globally ubiquitous at ambient levels in air and water, it can reach potentially unsafe levels in fish as it biologically magnifies and accumulates through aquatic and marine food webs. Vulnerable communities, including many communities of color, are particularly at risk from fish-borne mercury. Despite the fact that coal-fired electric generating units have been recognized as major sources of environmental mercury since the 1970s, and that the Environmental Protection Agency discussed possible future regulations of mercury emissions from such plants in 1975, it was not until 2014 that the Obama administration promulgated the Mercury and Air Toxics Rule regulating such emissions – and not until 2016 that the rule appeared to be firmly in place after the Environmental Protection Agency’s revised findings promulgated in response to the Supreme Court’s remand in Michigan v. EPA.",Natural Resources Journal
"New Mexico Tribal Cannabis: Policy, Politics, &amp;amp; Guidance for Government-to-Government Cooperation in State-Tribal Cannabis Compacting","The purpose of this article is three-fold. First, it aims to provide a systematic review of international, United States, state, and federal Indian law and policy surrounding cannabis cultivation, possession, and use in Indian Country. Second, it argues that the 2017 New Mexico tribal medical cannabis bills (SB 345 &amp; HB 348), which were introduced in the first regular session of the New Mexico State Legislature and would have permitted the state to enter into intergovernmental agreements (or compacts) with tribes who choose to implement the state’s medical cannabis program on tribal lands, contained legal vulnerabilities likely to hinder their effectiveness if passed into law. Third, and as a result of this legal and political environment, this article serves as a tribal cannabis policy resource for New Mexico legislators and as a proposal of model legislation and compact terms for the drafting of effective tribal medical cannabis legislation and state-tribal cannabis compacts. Part I provides a historical and legal overview of international and United States federal controlled substances law and policy. Part II explores the issues arising in federal Indian cannabis law and regulation, including: state criminal jurisdiction over non-Public Law 280 tribal lands, state taxation in Indian Country, tribal sovereign immunity, and state-tribal dispute resolution. Part III covers New Mexico cannabis law, including a discussion of the state medical cannabis regulatory apparatus and policy analysis of the 2017 New Mexico tribal medical cannabis bills. Part IV closely analyzes the pros and cons of the 2017 New Mexico tribal medical cannabis bills and provides recommendations for future effective tribal medical cannabis legislation and compact drafting. Finally, Part V puts forward a model tribal medical cannabis bill and state-tribal cannabis compact terms reflecting the legal conclusions drawn herein, which may serve as constructive guidance in a future legislative session or compact negotiations between New Mexico and the Indian nations, tribes, and pueblos within the state.",Natural Resources Journal
"ALDO LEOPOLD, ESTELLA BERGERE, MIA CASITA AND SHEEPHERDING IN NEW MEXICO AND COLORADO","Personal and regional history of Peggy Bergon, Aldo Leopold, and sheepherding. [web URL: http://digitalrepository.unm.edu/nrj/vol57/iss2/6/]",Natural Resources Journal
FIGHTING FOR ENVIRONMENTAL JUSTICE: THE LIFE AND WORK OF PROFESSOR EILEEN GAUNA,"Villa presents a tribute to the life and work of Professor Eileen Gauna of the University of New Mexico, a renowned scholar of Environmental Justice. Among other things, Professor Gauna developed one of the first law school seminars in environmental justice and, through her influential writings, succeeded in expanding understandings of the nature of environmental injustices in environmental regulation. She was one of the first legal scholars to highlight the connection between air pollution regulation and disparate impacts on poor and minority communities. She was also one of the first to examine the inadequate regulation of pesticides that caused troubling exposures to younger farmworkers in the fields, including infant children taken to the fields by their parents.",Natural Resources Journal
"NASTY WEATHER AND UGLY PRODUCE: CLIMATE CHANGE, AGRICULTURAL ADAPTATION, AND FOOD WASTE","Food systems worldwide are threatened by climate change, as reflected, for example, in the diminished yields of fruits and vegetables and reduced production of global fisheries. This article discusses the threats of climate change on agricultural production and the need for agricultural adaptation. It posits that food insecurity must be considered in terms of climate change and its likely effects on food production. The article argues that agricultural mitigation and adaptation measures should must be pursued and communicated through the mechanisms of the Paris Agreement. In the United States, reducing food waste effectuated by the regulation on the culling of unattractive but edible produce represents a modest, yet necessary mitigation and adaptation opportunity. [web URL: http://digitalrepository.unm.edu/nrj/vol57/iss2/9/]",Natural Resources Journal
HYDROPOWER DEVELOPMENT IN INDIA: THE LEGAL-ECONOMIC DESIGN TO FUEL GROWTH?,"Economic liberalization beginning in the early 1990s has represented a paradigm shift in policy discourse in India, from social welfare to economic growth. With its potential benefits of generating power for the growing economy and significant revenue through electricity sales and royalty payments, hydropower development has received center-stage in the hydrorich but economically weaker Himalayan states of India. Using an institutional approach to examine the evolution of laws and policies on electricity, land, environment, and water, this article seeks to uncover how prevailing legal and economic systems prioritize hydropower generation over other water uses. It argues that federal and state governments have brought about regulatory changes that tip the allocation and distribution of resources and wealth in the favor of increasingly private sectordominated hydropower development. This resource colonization favors maximizing returns on investment at the expense of minimizing environmental and social costs. The case of the Indian state of Uttarakhand illustrates the structural power of the state government to frame and enforce laws to protect hydropower development while forgoing considerations of environmental flows and the de facto water rights of communities. Changing this status quo will require fundamental alterations to the current institutional structures to ensure a more just and equitable hydropower development regime. These changes--which give greater consideration to socioenvironmental sustainability and promote integrated water resources management--should comprise: acknowledging ecosystem and water rights; creating mechanisms where local communities can contest unfair resource allocation; delineating guidelines for states' role as public trustees of water; promoting local participation in monitoring related to hydropower projects; and balancing economic goals with alternative water uses. [web URL: http://digitalrepository.unm.edu/nrj/vol57/iss2/5/",Natural Resources Journal
LIABILITY AND COMPENSATION FOR OIL SPILL ACCIDENTS: INTERNATIONAL REGIME AND ITS IMPLEMENTATION IN CHINA,"Marine oil spill accidents have long been caused by ship collisions. However, the proliferation of offshore oil and gas installations portends a marked increase in oil spills from these sources. This presents a unique enforcement challenge for international and Chinese domestic systems for oil pollution liability and compensation that were developed in response to the threat of ship-based oil pollution. This article focuses on how the international liability and compensation regime for oil pollution has been implemented in China, and whether a combination of the international regime and domestic Chinese regulations could provide an adequate mechanism for holding offshore oil operators liable for accidents and for ensuring adequate compensation to injured parties. Analysis of Chinese law demonstrates that the current international liability and compensation regime for oil pollution, the 1992 Civil Liability Convention (CLC)-International Oil Pollution Compensation (IOPC Funds), has been only partially implemented in China and lacks domestic adaptation mechanisms. The CLC-IOPC Funds regime also does not extend to oil pollution accidents resulting from offshore operations. An international convention containing universal liability provisions for offshore oil spill accidents would require a long-term process of joint international efforts. Based on this international and domestic Chinese legal environment, this article concludes that China should first develop a domestic liability and compensation mechanism that implements the international regime for ship-source oil pollution in its entirety, but which also extends to pollution caused by offshore oil spills. [web URL: http://digitalrepository.unm.edu/nrj/vol57/iss2/8/]",Natural Resources Journal
Liquid Power: Contested Hydro-Modernities in Twentieth-Century Spain,Morseau reviews Liquid Power: Contested Hydro-Modernities in Twentieth-Century Spain by Erik Swyngedouw.,Natural Resources Journal
RULES AND VALUES IN VIRTUAL OPTIMIZATION OF CALIFORNIA HYDROPOWER,"Optimization models for California's hydropower system are designed to be decision-support tools and aids for climate adaptation decision-making. In practice, they fall short of this goal. One potential explanation is that optimization models are not more successful because they are built on, and depend on, a misrepresentation of law and politics. The legal reality of California's hydropower system is a web of networked jurisdictions of multiple federal and state agencies, with varying levels of coordination, long periods of legally obligated stability with rigid rules, and prone to conflict, but with multiple procedures for conflict resolution. Barriers to climate adaptation from that mix vary according to where a given dam is located. The virtual institutional arrangements represented in optimization models are not a simplification of existing arrangements. Instead, they are a dramatic replacement. That replacement is deliberate and reasoned. As seen in two optimization models supported by the state of California, CALVIN and INFORM, the operation of the optimization function of computer models depends on a virtual system of rules that are centrally controlled, coordinated, nimble, and without the possibility of conflict (let alone conflict resolution). But that smooth virtual system comes with a real cost. Institutional economics suggests that this mismatch between existing formal law and represented law may upend the results of models, since value is determined from institutional context. [web URL: http://digitalrepository.unm.edu/nrj/vol57/iss2/4/]",Natural Resources Journal
THE DOMESTIC WELL EXEMPTION IN THE WEST: A CASE STUDY OF SANTA FE'S MUNICIPAL ORDINANCE,"In the case of Bounds v. State of New Mexico, the New Mexico Supreme Court upheld the constitutionality of a statute that allows domestic wells to be permitted with less oversight than other water rights. The statute, known as the domestic well exemption, is common in various forms throughout the Western United States. Currently, there are an estimated 200,000 permitted domestic wells across the State of New Mexico, increasing at a rate of approximately 5,000 per year. Various scholars have argued for amendments to domestic well statutes or local regulations to make exempt well applications as rigorous as other water right applications. In consideration of local solutions, this study addresses one of few municipal ordinances and three important controversies in domestic well management: the interaction between domestic well pumping and other water uses, the longevity of groundwater sources, and the ""development loophole."" The City of Santa Fe's domestic well ordinance is found to indirectly address concerns related to aquifer use and conservation, however, policies restricting well uptake in threatened areas that speak to specific, measurable goals, aligned with accurate databases, may better serve municipalities and counties in New Mexico as they do in other states. [web URL: http://digitalrepository.unm.edu/nrj/vol57/iss2/7/]",Natural Resources Journal
"From South of the Border, Down Mexico Way: The Past, Present, and Future of Petroleum Development in Mexico, Part I","Mexico is estimated to have 9.8 billion barrels of untapped oil reserves, or about 10 percent of the world's crude oil; however, much remains undeveloped and produ ction is declining as a result of dysfunction in the structure of Mexico's petroleum regime. Until recently, Mexico's Constitution and laws limited oil and gas activities to those of its state oil company, Petroleos Mexicanos (Pemex), which struggled to invest in new drilling and technology. In 2013, however, Mexico reopened its petroleum sector to foreign investment. Although 75 years in the making, Mexico is taking a bold new path toward developing its petroleum resources. Mexico stands to benefit from foreign investment and new technology to develop its remaining resources, which include shale deposits, deepwater reserves, and reserves only recoverable through modern enhanced recovery techniques. This two-part article has two objectives: Part I reviews the history of petroleum in Mexico -- much of it unhappy -- as a reminder of the long and tortuous pathway that led to Mexico's current initiative to open its petroleum sector to foreign investment. The Mexican economy was built on oil in the early 1900s, but a combination of nationalism, petroleum-investor arrogance, and eventual over- dependence on petroleum revenues all served to undermine the Mexican oil industry. It is impo rtant for petroleum investors to understand and appreciate this history in order to ease the transition of new oil production in Mexico. At the same time, the people of Mexico should take a long-term, forward-looking view of Mexico's oil and gas future , which should be bright. Part II, published in another journal, discusses the current reform of Mexico's petroleum laws, including its initiative to resume direct foreign investment in the upstream petroleum sector. [web URL: http://lawschool.unm.edu/nrj/volumes/56/2/NRJ_56_2_Anderson.pdf]",Natural Resources Journal
The Mexican Energy Reform and Clean Energy: Lessons from the Swedish-Norwegian Scheme of Clean Energy Certificates,"The recent approval of a Clean Energy Certificates market in Mexico is part of the broad Energy Reform in the country since the end of 2013. Clean Energy Certificates create an incentive for new investment and a source of extra income for green energy producers in the electricity market. Mexico's scheme is based on similar Green Trade Certificates schemes, which promote investment in renewable energy by setting quotas on electricity producers and requiring certain electricity users to buy certificates. This article briefly looks at the early adopters, Sweden and later Norway, where a similar scheme has been implemented since 2003. The Nordic scheme, along with other policy measures, has proven effective in increasing the share of renewables. This article analyzes the Mexican Energy Reform's approach to renewable energy, and explains how Mexico can learn from its Swedish and Norwegian counterparts. [web URL: http://lawschool.unm.edu/nrj/volumes/56/2/NRJ_56_2_Padron.pdf]",Natural Resources Journal
Energy Subsidy Reform: Lessons and Implications,"Woody reviews Energy Subsidy Reform: Lessons and Implications by Benedict Clements, David Coady, Stefania Fabrizio, Sanjeev Gupta, Trevor Alleyne, and Carlo Sdralevich.",Natural Resources Journal
"Living with Oil: Promises, Peaks, and Declines on Mexico's Gulf Coast","McKenzie reviews Living with Oil: Promises, Peaks, and Declines on Mexico's Gulf Coast by Lisa Breglia.",Natural Resources Journal
People of the Sun: Leveraging Electricity Reform to Promote Renewable Energy and Climate Change Mitigation in Mexico,"Human activities that impact the Earth's climate are driven, in large part, by energy consumption. Advancements in technology, infrastructure, and industry have been made possible by the use of fossil fuels. In recent decades, recognition of climate change and its causes has increased, coinciding with other, sector-wide transitions in energy generation and use. The interconnected nature of climate and energy issues calls for legal and regulatory frameworks that are better able to integrate these two concerns -- effective broad-scale policy on climate must engage with the complex system for regulating energy, and forward-thinking changes in energy policy must address climate externalities on present and future generations. This article examines Mexico's experience in its efforts to bridge these two policy areas. Since 2012, Mexico has pursued two parallel tracks in policy developments: the enactment of comprehensive legislation on climate change, and constitutional changes related to energy -- specifically, the generation of electricity. In 2013, Mexico amen ded its Constitution to allow for competition in electricity generation, and legislation enacted in 2014 and 2015 have called for rapid restructuring of the country's electricity sector and the creation of a new wholesale energy market. At the same time, Mexico's General Climate Change Act of 2012 establishes ambitious goals for greenhouse gas reduction, including a transition to greater use of ""clean energy."" The constitutional reform provides a significant opportunity -- if appropriately leveraged -- for Mexico to make policy changes that will enable the country to play a leadership role in integrating climate mitigation and energy regulation. [web URL: http://lawschool.unm.edu/nrj/volumes/56/2/NRJ_56_2_Bryner.pdf]",Natural Resources Journal
"Political Landscapes: Forests, Conservation, and Community in Mexico","Pacheco reviews Political Landscapes: Forests, Conservation, and Community in Mexico by Christopher Boyer.",Natural Resources Journal
Whatever Happened to the Mexican Oil Bonanza? The Challenges of Mexico's New Oil Fund,"From 2000 to 2014, Mexico exported around 9 billion barrels of oil equivalent -- representing approximately $562 billion dollars (USD) in revenues -- yet in December 2014, the remnant sum in the Oil Revenues Stabilization Fund was just $2.9 billion USD. This article analyzes the Mexican oil revenue management scheme used in this period, using evidence to analyze various explanations of how the Mexican oil revenues were used between 2000 and 2014 and to evaluate the institutional strength of the new Mexican Oil Fund for facing challenges in the near future. [web URL: http://lawschool.unm.edu/nrj/volumes/56/2/NRJ_56_2_Campos.pdf]",Natural Resources Journal
Shale Gas: Opportunities and Challenges between Mexico and the United States,"Would it be it better for Mexico to remain a net importing partner of natural gas from the United States or to encourage its own Mexican Gas Revolution? Mexico has an estimate 545 trillion cubic feet (Tcf) of shale natural gas reserves, and trillions of additional cubic feet of conventional reserves. Nevertheless, the country has remained a net importer of natural gas due to underdevelopment. Meanwhile, shale gas production on the other side of the border has increased significantly over the past decade, causing United States gas prices to drop. Due to its close proximity to the major shale field development in South and West Texas, Mexico is particularly well-positioned to take advantage of unconventional extraction techniques and apply them in Mexico. This article examines the legal, economic, and environmental challenges and opportunities of the unconventional production landscape in Mexico in order to propose effective solutions by which Mexico can take advantage of its own resources. [web URL: http://lawschool.unm.edu/nrj/volumes/56/2/NRJ_56_2_Villanueva.pdf]",Natural Resources Journal
"Mexican Energy Reform, Climate Change, and Energy Justice in Indigenous Communities","Mexico's recent energy reform portends a new era of private engagement in the oil and gas sectors. According to government officials and industry leaders, the opening of energy reserves for private development will spur economic growth an d establish the country as a leader in the energy arena. This article examines whether the reforms could also lead to community-led growth in the renewable energy sector, specifically in Oaxaca, Mexico, which has been identified as one of the windiest places in the world and is currently already the site of extensive wind energy development. Building on my prior work exploring the impact of renewable energy development on indigenous communities in Oaxaca, this article presents a framework to explore the aspects of the energy reform that could lead to greater participation in renewable energy development by communities who have historically disproportionately borne the brunt of the country's energy development in the country. This article utilizes the theory of energy justice, which incorporates principles of environmental justice and climate justice as well as energy democracy, to consider whether opening the Mexican energy market to private participation and increased competition in the electricity sector could render communities more resilient in the face of climate change and better able to meet their energy needs. [web URL: http://lawschool.unm.edu/nrj/volumes/56/2/NRJ_56_2_Baker.pdf]",Natural Resources Journal
FROM PARKS TO PARTNERSHIPS: NATIONAL HERITAGE AREAS AND THE PATH TO COLLABORATIVE PARTICIPATION IN THE NATIONAL PARK SERVICE'S FIRST 100 YEARS,"National parks have been characterized as a democratic institution, a window on natural and cultural history open to all. Over its first century, however, the National Park Service's (NPS) approach to participatory democracy has evolved. In its early years, NPS professionals applied their expertise to make decisions about park policy, administration and management with little input from the public aside from the interests of businesses that operated within the parks. Public participation in the parks was limited to using the facilities that the NPS provided for public enjoyment. Beginning in the 1930s, the NPS expanded public participation by adding management categories that included a greater range of uses, appealing to a wider public. Later, reflecting changing approaches in law, policy and political theory on how to operationalize participation effectively, the NPS increased opportunities for the public to participate in administrative and management decisions. Consulting with the public increased responsiveness to a broad range of public desires and helped the NPS develop effective management plans. In the 1980s, the NPS extended public participation even further by collaborating as partners with local communities and organizations in national heritage areas (NHAs). As a partner in NHAs, the role of the NPS moved beyond land manager as the agency took on new responsibilities in community development. Although Congress designates NHAs, they are administered by local entities with the goal of organizing heritage-based education and tourism. NHA management entities partner with the NPS to draw on its expertise in heritage tourism, interpretation and landscape management. NHAs represent a twenty-first century approach to public administration, emphasizing collaboration, partnerships, and sharing costs and responsibilities through federal-local cooperation. They expand the National Park Service's role as guardian not only of American heritage, but also of American democracy. [web URL: http://lawschool.unm.edu/NRJ/current.php]",Natural Resources Journal
WORKING TOGETHER TO COMBAT INVASIVE SPECIES THREATS: STRATEGIES FOR FACILITATING COOPERATION BETWEEN THE NATIONAL PARK SERVICE AND STATES,"Invasive species are a significant environmental and economic threat throughout the United States. Over 6,500 non-native species have been documented on national park lands. To adequately address invasive species issues, the National Park Service must work cooperatively with state governments to prevent the introduction and spread of non-native species. A variety of mechanisms, both formal and informal, are available to the National Park Service to cooperatively manage park ecosystems with their neighboring land management agencies. Coordination of programs can be achieved through simple informal working relationships between agency staff, incorporation of state laws into park policies, or negotiation of formal memoranda of agreement imposing contractual obligations. This article will highlight, through the lens of invasive species management, the legal options available to facilitate federal-state cooperation across National Park System boundaries. [web URL: http://lawschool.unm.edu/NRJ/current.php]",Natural Resources Journal
THE NATIONAL PARK SERVICE ORGANIC ACT AND CLIMATE CHANGE,"This article examines the future of the National Park Service Organic Act in a changing climate. Managers and scholars have raised questions about whether the Organic Act gives the Park Service sufficient authority to undertake the steps necessary to adapt to climate change. This article concludes that the Organic Act and park-specific enabling acts, as interpreted by the courts, grant the Park Service wide discretion to pursue management options for adaptation to climate change impacts on national park resources. It also concludes that the Organic Act, properly understood, does impose some necessary constraints on agency decision-making, constraints that prevent inappropriate development projects and that require thoughtful decision-making to minimize the risk of unintended management consequences. Overall, the Organic Act will remain relevant into the next century. [web URL: http://lawschool.unm.edu/NRJ/current.php]",Natural Resources Journal
A PARK FOR EVERYONE: THE NATIONAL PARK SERVICE IN URBAN AMERICA,"This article examines the National Park Service's past and future presence in urban America. Scholars, conservationists, and park administrators agree that urban park spaces and programming must be a focus of the National Park Service in its second century. This article explains the motivations behind the National Park Service's first urban parks and describes the National Park Service's recent emphasis on urban areas. From designations such as Pullman Park in Chicago, to initiatives like the Urban Agenda, the National Park Service is poised to engage urban America and create a new generation of park visitors. [web URL: http://lawschool.unm.edu/NRJ/current.php]",Natural Resources Journal
COOPERATIVE FEDERALISM IN BISCAYNE NATIONAL PARK,"Biscayne National Park is the largest marine national park in the United States. It contains four distinct ecosystems, encompasses 173,000 acres (only five percent of which are land), and is located within densely populated Miami-Dade County. The bay has a rich history of natural resource utilization, but aggressive residential and industrial development schemes prompted Congress to create Biscayne National Monument in 1968, followed by the designation of Biscayne National Park in 1980. When the dust settled, Florida retained key management powers over the Park, including joint authority over fishery management. States and the federal government occasionally share responsibility for regulating natural resources, but Biscayne National Park represents a unique case study in cooperative federalism. This article explores these cooperative federalism contours in order to assess whether the park's management paradigm provides a model worthy of replication. A diverse range of materials were reviewed for this project, including literature and jurisprudence on traditional models of cooperative federalism, federal natural resources laws, national park regulations and policy, Biscayne National Park's statutory frameworks and legislative history, state and federal management plans, inter-agency communications, and direct stakeholder interviews. These materials combine to tell a story of cooperative federalism that has been frustrating and, at times, incoherent. But the story also demonstrates that shared responsibility over fishery management has produced beneficial results for the Park and its stakeholders by forcing state and federal officials to work together on planning and enforcement, diversifying human and financial resources, and incorporating federal, state, and local interests into park management and policy. The research suggests that future applications of the Biscayne National Park model of cooperative federalism, in which states and the federal government share joint authority over marine resources in some capacity, may enjoy similar success. [web URL: http://lawschool.unm.edu/NRJ/current.php]",Natural Resources Journal
OIL &amp;amp; GAS DRILLING IN NATIONAL PARKS,"While a great deal of public attention addresses the Halliburton loophole of the Energy Policy Act of 2005 and Bureau of Land Management efforts to regulate hydraulic fracturing on public lands, less attention has been paid to the National Park Service ""9B Regulations,"" which provide a national regulatory framework governing the exercise of oil and gas rights in national parks. This article begins with a review of law pertaining to oil and gas drilling in national parks. The article examines the tension in striking a balance between environmental protection, conservation of national lands, and achieving energy independence, including National Park Service proposals to revise the 9B regulations. The article concludes that because it is impractical to purchase the mineral rights in NPS units, it is critical to revise the 9B rules to: (1) raise the bond and financial assurance requirements; (2) create protocols that bring exempt operations within the 9B regulations (3) create access and user fees that reflect fair use; (4) allow administrative fines to be assessed for minor violations; (5) ensure all drilling meets modern safety standards including measures to preclude park damage after well closure; (6) require a baseline environmental assessment as a permit condition; and (7) require operators to map both surface and subsurface operations and record in land records the exact location of all pipes and other equipment installed in the land. [web URL: http://lawschool.unm.edu/NRJ/current.php]",Natural Resources Journal
RECLAIMING A PRESENCE IN ANCESTRAL LANDS: THE RETURN OF NATIVE PEOPLES TO THE NATIONAL PARKS,"For Native peoples, sacred sites and other traditional cultural properties are of critical importance to the preservation of their culture, society, and overall tribal sovereignty. Often these traditional cultural resources are part of present day national park landscapes. Today, tribes have unprecedented opportunities to reclaim a presence on their aboriginal lands, and in turn the National Park Service has an opportunity to ensure that parks remain a sanctuary for the practice of native traditions by accommodating and prioritizing native interests in the implementation of Indian policies and government-to-government obligations. This Article provides an overview of the tribal-NPS relationship, a discussion of the National Park Service Indian policies, and the application of trust obligations to accommodate tribal interests in the national parks. This Article advocates that the National Park Service should prioritize tribal interests to enable tribal peoples to access aboriginal lands where timehonored traditions and practices are celebrated and life is renewed. [web URL: http://lawschool.unm.edu/NRJ/current.php]",Natural Resources Journal