Title,Abstract,Journal
Effects of Fairtrade on the livelihoods of poor rural workers.,,Nature Sustainability
Road expansion and persistence in forests of the Congo Basin.,,Nature Sustainability
Techno–ecological synergies of solar energy for global sustainability.,,Nature Sustainability
Improving network approaches to the study of complex social–ecological interdependencies.,,Nature Sustainability
Potential contributions of pre-Inca infiltration infrastructure to Andean water security.,,Nature Sustainability
Importance of snow and glacier meltwater for agriculture on the Indo-Gangetic Plain.,,Nature Sustainability
Tradeoffs between groundwater conservation and air pollution from agricultural fires in northwest India.,,Nature Sustainability
Modelled effects of prawn aquaculture on poverty alleviation and schistosomiasis control.,,Nature Sustainability
How to halt the global decline of lands.,,Nature Sustainability
Making sustainability science a cumulative effort.,,Nature Sustainability
Seeing COVID-19 through an urban lens.,,Nature Sustainability
Lessons learned in Africa.,,Nature Sustainability
Plastic and plants.,,Nature Sustainability
Scale in the study of Indigenous burning.,,Nature Sustainability
Native American imprint in palaeoecology.,,Nature Sustainability
Well-being outcomes of marine protected areas.,,Nature Sustainability
"Multinational life satisfaction, perceived inequality and energy affordability.",,Nature Sustainability
Enzyme morphinan N-demethylase for more sustainable opiate processing.,,Nature Sustainability
Limits to agricultural land for retaining acceptable levels of local biodiversity.,,Nature Sustainability
Flexibility and intensity of global water use.,,Nature Sustainability
Emerging human infectious diseases and the links to global food production.,,Nature Sustainability
Participation and inclusiveness in the Intergovernmental Science–Policy Platform on Biodiversity and Ecosystem Services.,,Nature Sustainability
The global nexus of food–trade–water sustaining environmental flows by 2050.,,Nature Sustainability
Nonlinear groundwater influence on biophysical indicators of ecosystem services.,,Nature Sustainability
Detection of human influences on temperature seasonality from the nineteenth century.,,Nature Sustainability
A multi-model assessment of food security implications of climate change mitigation.,,Nature Sustainability
Systems thinking for education about the molecular basis of sustainability.,,Nature Sustainability
Reductions in deforestation and poverty from decentralized forest management in Nepal.,,Nature Sustainability
Weighing the benefits of expanding protected areas versus managing existing ones.,,Nature Sustainability
City energysheds and renewable energy in the United States.,,Nature Sustainability
How global targets on drinking water were developed and achieved.,,Nature Sustainability
Aridity and reduced soil micronutrient availability in global drylands.,,Nature Sustainability
Air-quality-related health damages of maize.,,Nature Sustainability
Changes in crop rotations would impact food production in an organically farmed world.,,Nature Sustainability
Author Correction: The potential of future foods for sustainable and healthy diets.,,Nature Sustainability
The global conservation movement is diverse but not divided.,,Nature Sustainability
Meta-analysis of pro-environmental behaviour spillover.,,Nature Sustainability
Impact of globalization on the resilience and sustainability of natural resources.,,Nature Sustainability
Infrastructure for sustainable development.,,Nature Sustainability
Impact of the establishment of US offshore wind power on neodymium flows.,,Nature Sustainability
Sustainability and resilience for transformation in the urban century.,,Nature Sustainability
Deep learning to map concentrated animal feeding operations.,,Nature Sustainability
Global forecasts of shipping traffic and biological invasions to 2050.,,Nature Sustainability
Actors' diversity and the resilience of social-ecological systems to global change.,,Nature Sustainability
Author Correction: Air pollution reduction and climate co-benefits in China's industries.,,Nature Sustainability
Publisher Correction: Social value shift in favour of biodiversity conservation in the United States.,,Nature Sustainability
Local communities and wildlife consumption bans.,,Nature Sustainability
Design behaviour for sustainability.,,Nature Sustainability
Soil carbon science for policy and practice.,,Nature Sustainability
Protecting half of the planet could directly affect over one billion people.,,Nature Sustainability
Carbon offsets for freight transport decarbonization.,,Nature Sustainability
Towards a sustainable and equitable blue economy.,,Nature Sustainability
Resilience reconciled.,,Nature Sustainability
Measuring resilience is essential to understand it.,,Nature Sustainability
Expansion of sustainability science needed for the SDGs.,,Nature Sustainability
Harnessing emerging technologies to reduce Gulf hypoxia.,,Nature Sustainability
Biocultural approaches to pollinator conservation.,,Nature Sustainability
Honey as a biomonitor for a changing world.,,Nature Sustainability
The impact of nutrient-rich food choices on agricultural water-use efficiency.,,Nature Sustainability
Our footprint on Antarctica competes with nature for rare ice-free land.,,Nature Sustainability
Implications of water constraints on electricity capacity expansion in the United States.,,Nature Sustainability
Income-based variation in Sustainable Development Goal interaction networks.,,Nature Sustainability
The potential of indigenous agricultural food production under climate change in Hawaiʻi.,,Nature Sustainability
Contributions of sociometabolic research to sustainability science.,,Nature Sustainability
Air quality in megacity Delhi affected by countryside biomass burning.,,Nature Sustainability
Goal-based water trading expands and diversifies supplies for enhanced resilience.,,Nature Sustainability
Health and climate impacts of future United States land freight modelled with global-to-urban models.,,Nature Sustainability
An analytical framework for spatially targeted management of natural capital.,,Nature Sustainability
Examining different recycling processes for lithium-ion batteries.,,Nature Sustainability
Global emission hotspots of coal power generation.,,Nature Sustainability
China and India lead in greening of the world through land-use management.,,Nature Sustainability
Promises and perils of sand exploitation in Greenland.,,Nature Sustainability
Food production shocks across land and sea.,,Nature Sustainability
The ecological and economic potential for offshore mariculture in the Caribbean.,,Nature Sustainability
Disparities in rooftop photovoltaics deployment in the United States by race and ethnicity.,,Nature Sustainability
Larger gains from improved management over sparing-sharing for tropical forests.,,Nature Sustainability
Social-ecological and technological factors moderate the value of urban nature.,,Nature Sustainability
Enhanced agricultural sustainability through within-species diversification.,,Nature Sustainability
Leveraging total factor productivity growth for sustainable and resilient farming.,,Nature Sustainability
Recovering waste plastics using shape-selective nano-scale reactors as catalysts.,,Nature Sustainability
Policy design for the Anthropocene.,,Nature Sustainability
Criteria pollutant impacts of volatile chemical products informed by near-field modeling.,"Consumer, industrial, and commercial product usage is a source of exposure to potentially hazardous chemicals. In addition, cleaning agents, personal care products, coatings, and other volatile chemical products (VCPs), evaporate and react in the atmosphere producing secondary pollutants. Here, we show high air emissions from VCP usage (≥ 14 kg person -1 yr -1 , at least 1.7× higher than current operational estimates) are supported by multiple estimation methods and constraints imposed by ambient levels of ozone, hydroxyl radical (OH) reactivity, and the organic component of fine particulate matter (PM 2.5 ) in Pasadena, California. A near-field model, which estimates human chemical exposure during or in the vicinity of product use, indicates these high air emissions are consistent with organic product usage up to ~75 kg person -1 yr -1 , and inhalation of consumer products could be a non-negligible exposure pathway. After constraining the PM 2.5 yield to 5% by mass, VCPs produce ~41% of the photochemical organic PM 2.5 (1.1 ± 0.3 μ g m -3 ) and ~17% of maximum daily 8-hr average ozone (9 ± 2 ppb) in summer Los Angeles. Therefore, both toxicity and ambient criteria pollutant formation should be considered when organic substituents are developed for VCPs in pursuit of safer and sustainable products and cleaner air.",Nature sustainability
A collaborative process.,,Nature Sustainability
Shield science for robust decisions.,,Nature Sustainability
Storm damages and inter-city trade.,,Nature Sustainability
Improving normalized hurricane damages.,,Nature Sustainability
Fake news and vultures.,,Nature Sustainability
Modelling education and climate change.,,Nature Sustainability
Income growth and climate change effects on global nutrition security to mid-century.,,Nature Sustainability
The potential of future foods for sustainable and healthy diets.,,Nature Sustainability
Wastewater treatment for carbon capture and utilization.,,Nature Sustainability
Passive solar high-yield seawater desalination by modular and low-cost distillation.,,Nature Sustainability
Building back bigger in hurricane strike zones.,,Nature Sustainability
Management for sustainability.,,Nature Sustainability
Contribution of jet fuel from forest residues to multiple Sustainable Development Goals.,,Nature Sustainability
The global extent of biodiversity offset implementation under no net loss policies.,,Nature Sustainability
Resource nexus perspectives towards the United Nations Sustainable Development Goals.,,Nature Sustainability
Normalized hurricane damage in the continental United States 1900-2017.,,Nature Sustainability
Spatially explicit valuation of the Brazilian Amazon Forest's Ecosystem Services.,,Nature Sustainability
Managing China's coal power plants to address multiple environmental objectives.,,Nature Sustainability
Renewable diesel blendstocks produced by hydrothermal liquefaction of wet biowaste.,,Nature Sustainability
Potential increase of legal deforestation in Brazilian Amazon after Forest Act revision.,,Nature Sustainability
Unintended multispecies co-benefits of an Amazonian community-based conservation programme.,,Nature Sustainability
Better sustainability assessment of green buildings with high-frequency data.,,Nature Sustainability
Quantifying resilience to recurrent ecosystem disturbances using flow-kick dynamics.,,Nature Sustainability
Estimation of global recoverable human and animal faecal biomass.,,Nature Sustainability
Sustainable intensification of high-diversity biomass production for optimal biofuel benefits.,,Nature Sustainability
Antibiotic and pesticide susceptibility and the Anthropocene operating space.,,Nature Sustainability
Water shortages worsened by reservoir effects.,,Nature Sustainability
Land degradation and poverty.,,Nature Sustainability
Quantification of energy and carbon costs for mining cryptocurrencies.,,Nature Sustainability
Pathways for greening the supply of rare earth elements in China.,,Nature Sustainability
Social-media data for urban sustainability.,,Nature Sustainability
Sustainability implications of electricity outages in sub-Saharan Africa.,,Nature Sustainability
The role of local adaptation in sustainable production of village chickens.,,Nature Sustainability
Consequences of integrating livestock and wildlife in an African savanna.,,Nature Sustainability
A technology-forcing approach to reduce nitrogen pollution.,,Nature Sustainability
Machine learning for environmental monitoring.,,Nature Sustainability
Science and the experience of nature.,,Nature Sustainability
Transnational environmental crime threatens sustainable development.,,Nature Sustainability
Forging future organizational leaders for sustainability science.,,Nature Sustainability
Designing car bans for sustainable transportation.,,Nature Sustainability
Bundling agri-food innovations.,,Nature Sustainability
Author Correction: Water and sanitation for all in a pandemic.,,Nature Sustainability
Author Correction: A scoping review of research funding for small-scale farmers in water scarce regions.,,Nature Sustainability
Addendum: Tradeoffs between groundwater conservation and air pollution from agricultural fires in northwest India.,,Nature Sustainability
Evidence synthesis for sustainability.,,Nature Sustainability
Author Correction: Aiming higher to bend the curve of biodiversity loss.,,Nature Sustainability
Scale up advanced frugal design principles.,,Nature Sustainability
Sustainability of artisanal mining of cobalt in DR Congo.,,Nature Sustainability
The environmental costs and benefits of high-yield farming.,,Nature Sustainability
Hard-adaptive measures can increase vulnerability to storm surge and tsunami hazards over time.,,Nature Sustainability
Air quality-carbon-water synergies and trade-offs in China’s natural gas industry.,,Nature Sustainability
Nexus approaches to global sustainable development.,,Nature Sustainability
Global assessment of water challenges under uncertainty in water scarcity projections.,,Nature Sustainability
The water footprint of different diets within European sub-national geographical entities.,,Nature Sustainability
Research strategies to assess the effectiveness of international environmental regimes.,,Nature Sustainability
Aiming higher to bend the curve of biodiversity loss.,,Nature Sustainability
Extreme air pollution from residential solid fuel burning.,,Nature Sustainability
The challenge of feeding the world while conserving half the planet.,,Nature Sustainability
Recirculation of human-derived nutrients from cities to agriculture across six continents.,,Nature Sustainability
Addressing poaching in marine protected areas through voluntary surveillance and enforcement.,,Nature Sustainability
The structure of mental models of sustainable agriculture.,,Nature Sustainability
Evolution and future of the sustainable seafood market.,,Nature Sustainability
Global assessment of agricultural system redesign for sustainable intensification.,,Nature Sustainability
Tariff reduction on renewables inputs for European decarbonization.,,Nature Sustainability
Addressing agricultural nitrogen losses in a changing climate.,,Nature Sustainability
Mobilizing domestic resources for the Agenda 2030 via carbon pricing.,,Nature Sustainability
Meeting the leadership challenges for interdisciplinary environmental research.,,Nature Sustainability
Evidence that organic farming promotes pest control.,,Nature Sustainability
The urban south and the predicament of global sustainability.,,Nature Sustainability
A spatial overview of the global importance of Indigenous lands for conservation.,,Nature Sustainability
Methane removal and atmospheric restoration.,,Nature Sustainability
Last chance for Madagascar's biodiversity.,,Nature Sustainability
Harnessing synthetic biology for sustainable development.,,Nature Sustainability
Sustainability in global agriculture driven by organic farming.,,Nature Sustainability
Author Correction: The environmental costs and benefits of high-yield farming.,,Nature Sustainability
Modelled effects of prawn aquaculture on poverty alleviation and schistosomiasis control.,"Recent evidence suggests that snail predators may aid efforts to control the human parasitic disease schistosomiasis by eating aquatic snail species that serve as intermediate hosts of the parasite. Potential synergies between schistosomiasis control and aquaculture of giant prawns are evaluated using an integrated bio-economic-epidemiologic model. Combinations of stocking density and aquaculture cycle length that maximize cumulative, discounted profit are identified for two prawn species in sub-Saharan Africa: the endemic, non-domesticated Macrobrachium vollenhovenii , and the non-native, domesticated Macrobrachium rosenbergii . At profit maximizing densities, both M. rosenbergii and M. vollenhovenii may substantially reduce intermediate host snail populations and aid schistosomiasis control efforts. Control strategies drawing on both prawn aquaculture to reduce intermediate host snail populations and mass drug administration to treat infected individuals are found to be superior to either strategy alone. Integrated aquaculture-based interventions can be a win-win strategy in terms of health and sustainable development in schistosomiasis endemic regions of the world.",Nature sustainability
Trade and the role of non-food commodities for global eutrophication.,,Nature Sustainability
The timing and causes of famines in Europe.,,Nature Sustainability
Avoiding the ecological limits of forage fish for fed aquaculture.,,Nature Sustainability
Progress towards sustainable intensification in China challenged by land-use change.,,Nature Sustainability
Social-ecological outcomes of agricultural intensification.,,Nature Sustainability
The economic value of local water supplies in Los Angeles.,,Nature Sustainability
Child-trafficking networks of illegal adoption in China.,,Nature Sustainability
Hotspots of peatland-derived potable water use identified by global analysis.,,Nature Sustainability
Unprecedented rates of land-use transformation in modelled climate change mitigation pathways.,,Nature Sustainability
Climate-smart sustainable agriculture in low-to-intermediate shade agroforests.,,Nature Sustainability
Cultural evolution of normative motivations for sustainable behaviour.,,Nature Sustainability
Environmental challenges for the Belt and Road Initiative.,,Nature Sustainability
Beyond rationality in engineering design for sustainability.,,Nature Sustainability
Slow and deliberate cooperation in the commons.,,Nature Sustainability
Impact of coal mining on stream biodiversity in the US and its regulatory implications.,,Nature Sustainability
Tracking the pulse of the Earth's fresh waters.,,Nature Sustainability
The role of nanotechnology in tackling global water challenges.,,Nature Sustainability
Innovation diffusion within large environmental NGOs through informal network agents.,,Nature Sustainability
Reply to: In defence of simplified PES designs.,,Nature Sustainability
In defence of simplified PES designs.,,Nature Sustainability
Environmental costs of water transfers.,,Nature Sustainability
When more trees mean more power.,,Nature Sustainability
Rethinking water for SDG 6.,,Nature Sustainability
Reply to: Practical constraints on atmospheric methane removal.,,Nature Sustainability
Supersizing sustainability in savannas.,,Nature Sustainability
Beyond green growth.,,Nature Sustainability
Communicating to governments.,,Nature Sustainability
Urban river pollution control in developing countries.,,Nature Sustainability
On knowledge generation and use for sustainability.,,Nature Sustainability
A global agenda for collective action on soil carbon.,,Nature Sustainability
Mosquito net fishing exemplifies conflict among Sustainable Development Goals.,,Nature Sustainability
An imperfect vision of indivisibility in the Sustainable Development Goals.,,Nature Sustainability
From principles to practice in paying for nature's services.,,Nature Sustainability
The environmental impacts of rapidly changing diets and their nutritional quality in China.,,Nature Sustainability
Experimental evidence on payments for forest commons conservation.,,Nature Sustainability
The global status and trends of Payments for Ecosystem Services.,,Nature Sustainability
Nanoporous polyethylene microfibres for large-scale radiative cooling fabric.,,Nature Sustainability
Improved trade-offs of hydropower and sand connectivity by strategic dam planning in the Mekong.,,Nature Sustainability
A good life for all within planetary boundaries.,,Nature Sustainability
Impacts of booming concrete production on water resources worldwide.,,Nature Sustainability
Trade and the equitability of global food nutrient distribution.,,Nature Sustainability
The many meanings of no net loss in environmental policy.,,Nature Sustainability
Water competition between cities and agriculture driven by climate change and urban growth.,,Nature Sustainability
Increased vegetation growth and carbon stock in China karst via ecological engineering.,,Nature Sustainability
Targeted emission reductions from global super-polluting power plant units.,,Nature Sustainability
Socio-economic consequences of post-disaster reconstruction in hazard-exposed areas.,,Nature Sustainability
Wildfires and politics.,,Nature Sustainability
Author Correction: Political dynamics and governance of World Heritage ecosystems.,,Nature Sustainability
Author Correction: Climate-smart sustainable agriculture in low-to-intermediate shade agroforests.,,Nature Sustainability
On Matters Arising.,,Nature Sustainability
Author Correction: Conservation implications of limited Native American impacts in pre-contact New England.,,Nature Sustainability
Author Correction: Health and sustainability in post-pandemic economic policies.,,Nature Sustainability
Measuring for sustainability.,,Nature Sustainability
A needed balance.,,Nature Sustainability
Reply to: Improving normalized hurricane damages.,,Nature Sustainability
Urban biodiversity arks.,,Nature Sustainability
To co-produce or not to co-produce.,,Nature Sustainability
Traditional conservation strategies still the best option.,,Nature Sustainability
Erratum: Author Correction: Health and sustainability in post-pandemic economic policies.,[This corrects the article DOI: 10.1038/s41893-020-0563-0.]. © Springer Nature Limited 2020.,Nature sustainability
Net emission reductions from electric cars and heat pumps in 59 world regions over time.,"Electrification of passenger road transport and household heating features prominently in current and planned policy frameworks to achieve greenhouse gas emissions reduction targets. However, since electricity generation involves using fossil fuels, it is not established where and when the replacement of fossil fuel-based technologies by electric cars and heat pumps can effectively reduce overall emissions. Could electrification policy backfire by promoting their diffusion before electricity is decarbonised? Here, we analyse current and future emissions trade-offs in 59 world regions with heterogeneous households, by combining forward-looking integrated assessment model simulations with bottom-up life-cycle assessment. We show that already under current carbon intensities of electricity generation, electric cars and heat pumps are less emission-intensive than fossil fuel-based alternatives in 53 world regions, representing 95% of global transport and heating demand. Even if future end-use electrification is not matched by rapid power sector decarbonisation, it likely avoids emissions in almost all world regions.",Nature sustainability
Strategies from and for people.,,Nature Sustainability
Cross-discipline evidence principles for sustainability policy.,,Nature Sustainability
A developing food crisis and potential refugee movements.,,Nature Sustainability
The water footprint of water conservation using shade balls in California.,,Nature Sustainability
Bridging barriers to advance global sustainability.,,Nature Sustainability
The global risks of increasing reliance on bottled water.,,Nature Sustainability
Climate change not to blame for cod population decline.,,Nature Sustainability
Addressing food security in African cities.,,Nature Sustainability
Future passenger mobility.,,Nature Sustainability
Transition from pandemic.,,Nature Sustainability
Practical constraints on atmospheric methane removal.,,Nature Sustainability
Green and grow.,,Nature Sustainability
The costs of human-induced evolution in an agricultural system.,"Pesticides have underpinned significant improvements in global food security, albeit with associated environmental costs. Currently, the yield benefits of pesticides are threatened as overuse has led to wide-scale evolution of resistance. Yet despite this threat, there are no large-scale estimates of crop yield losses or economic costs due to resistance. Here, we combine national-scale density and resistance data for the weed Alopecurus myosuroides (black-grass) with crop yield maps and a new economic model to estimate that the annual cost of resistance in England is £0.4bn in lost gross profit (2014 prices), and annual wheat yield loss due to resistance is 0.8 million tonnes. A total loss of herbicide control against black-grass would cost £1bn and 3.4 million tonnes of lost wheat yield annually. Worldwide, there are 253 herbicide-resistant weeds, so the global impact of resistance could be enormous. Our research provides an urgent case for national-scale planning to combat further evolution of resistance, and an incentive for policies focused on increasing yields through more sustainable food-production systems rather than relying so heavily on herbicides.",Nature sustainability
Comprehensive wealth.,Measuring the full set of society's assets is critical to the design of policies for a sustainable future. © Springer Nature Limited 2020.,Nature sustainability
Publisher Correction: Tackling food consumption inequality to fight hunger without pressuring the environment.,,Nature Sustainability
Closing the phosphorus cycle.,,Nature Sustainability
"C. S. 'Buzz' Holling, 6 December 1930 – 16 August 2019.",,Nature Sustainability
Rapid SDG progress possible.,,Nature Sustainability
Enforcing access restrictions to fishery zones.,,Nature Sustainability
Satellites and crop interventions.,,Nature Sustainability
Barriers to sustainable consumption attenuated by foreign language use.,,Nature Sustainability
Urban agriculture growth in US cities.,,Nature Sustainability
Building a global urban science.,,Nature Sustainability
Warm glow is associated with low- but not high-cost sustainable behaviour.,,Nature Sustainability
Disasters' impacts on supply chains.,,Nature Sustainability
Optimal control of animal diseases.,,Nature Sustainability
Co-locating food and energy.,,Nature Sustainability
Replacing hydropower with solar.,,Nature Sustainability
Passive cooling in an urban setting.,,Nature Sustainability
Frankincense facing extinction.,,Nature Sustainability
Modelling diet choices.,,Nature Sustainability
Indigenous knowledge for conservation.,,Nature Sustainability
How deep can the straw go?,,Nature Sustainability
Bridging past and future to address water stress.,,Nature Sustainability
Fairtrade does not walk the talk.,,Nature Sustainability
Knowledge for sustainability action.,,Nature Sustainability
What online data say about eating habits.,,Nature Sustainability
The global scar on Congo forests.,,Nature Sustainability
Innovating the food value chain.,,Nature Sustainability
Measuring resilience is essential if we are to understand it.,"Sustainability, ""resilience"", and other terms group under the heading of ""stability."" Their ubiquity speaks to a vital need to characterise changes in complex social and environmental systems. In a bewildering array of terms, practical measurements are essential to permit comparisons and so untangle underlying relationships.",Nature sustainability
Including the subsurface in ecosystem services.,,Nature Sustainability
Meeting global drinking water needs.,,Nature Sustainability
Modelling protected area trade-offs.,,Nature Sustainability
Illegal electronic waste recycling trends.,,Nature Sustainability
Resilience of the global food system.,,Nature Sustainability
Sustainability and infrastructure challenges.,,Nature Sustainability
AI assists in locating hidden farms.,,Nature Sustainability
The Role of Movement Restrictions in Limiting the Economic Impact of Livestock Infections.,"Movements are essential for the economic success of the livestock industry. These movements however bring the risk of long-range spread of infection, potentially bringing infection to previously disease-free areas where subsequent localised transmission can be devastating. Mechanistic predictive models usually consider controls that minimize the number of livestock affected without considering other costs of an ongoing epidemic. However, it is more appropriate to consider the economic burden, as movement restrictions have major consequences for the economic revenue of farms. Using mechanistic models of foot-and-mouth disease (FMD), bluetongue virus (BTV) and bovine tuberculosis (bTB) in the UK, we contrast the economically optimal control strategies for these diseases. We show that for FMD, the optimal strategy is to ban movements in a small radius around infected farms; the balance between disease control and maintaining 'business as usual' varies between regions. For BTV and bTB, we find that the cost of any movement ban is more than the epidemiological benefits due to the low within-farm prevalence and slow rate of disease spread. This work suggests that movement controls need to be carefully matched to the epidemiological and economic consequences of the disease, and optimal movement bans are often far shorter than existing policy.",Nature sustainability
Round-up on design behaviour.,,Nature Sustainability
Risks from lead ammunition.,,Nature Sustainability
From the lab to real-world use.,,Nature Sustainability
Author Correction: Citizen science and the United Nations Sustainable Development Goals.,,Nature Sustainability
EU agricultural policy still not green.,,Nature Sustainability
Author Correction: Next-generation information to support a sustainable course for European forests.,,Nature Sustainability
The resilience of the resilience debate.,,Nature Sustainability
Metal bioaccumulation.,,Nature Sustainability
The sound of fear.,,Nature Sustainability
China's pig relocation in balance.,,Nature Sustainability
Antagonists to meeting the 2030 Agenda.,,Nature Sustainability
Bees as biomarkers.,,Nature Sustainability
Learning from indigenous agriculture.,,Nature Sustainability
Potential for electric aircraft.,,Nature Sustainability
Growing Asian research networks.,,Nature Sustainability
Hardin's oversimplification of population growth.,,Nature Sustainability
Use tropical forests or lose them.,,Nature Sustainability
Aridity and reduced soil micronutrient availability in global drylands.,"Drylands cover more than 40% of terrestrial surface, and their global extent and socio-ecological importance will increase in the future due to the forecasted increases in aridity driven by climate change. Despite the essential role of metallic micronutrients in life chemistry and ecosystem functioning, it is virtually unknown how their bioavailability changes along aridity gradients at the global scale. Here we analysed soil total and available Cu, Fe, Mn, and Zn in 143 drylands from all continents, except Antarctica, covering a broad range of aridity and soil conditions. We found that total and available micronutrient concentrations in dryland soils were low compared to averages commonly found in soils of natural and agricultural ecosystems globally. Aridity negatively affected the availability of all micronutrients evaluated, mainly indirectly by increasing soil pH and decreasing soil organic matter. Remarkably, the available Fe:Zn ratio decreased exponentially as aridity increased, pointing to stoichiometric alterations. Our findings suggest that increased aridity conditions due to climate change will limit the availability of essential micronutrients for organisms, particularly that of Fe and Zn, which together with other adverse effects (e.g., reduced water availability) may pose serious threats to key ecological processes and services, such as food production, in drylands worldwide.",Nature sustainability
Flying sustainably with forest leftovers.,,Nature Sustainability
Bridging behavioural science-policy gaps.,,Nature Sustainability
Sustainable protein provisioning.,,Nature Sustainability
The future of Brazilian seas.,,Nature Sustainability
On the mathematics of sustainability.,,Nature Sustainability
Green commercial buildings save energy.,,Nature Sustainability
Without a back-up plan.,,Nature Sustainability
A win-win for wildlife and ranching.,,Nature Sustainability
Delivering on sustainable development.,,Nature Sustainability
Graves or people.,,Nature Sustainability
Algae-based water filters.,,Nature Sustainability
Publisher Correction: The supply chain of violence.,,Nature Sustainability
Impacts on zooregions.,,Nature Sustainability
Managed environmentalism.,,Nature Sustainability
Measuring inequality.,,Nature Sustainability
Detailing plastic pollution.,,Nature Sustainability
Drivers of diet change.,,Nature Sustainability
Seeking SDG indicators.,,Nature Sustainability
Building a joined-up effort.,,Nature Sustainability
Relocating species.,,Nature Sustainability
Lobbying impacts.,,Nature Sustainability
Fishing-fleet evolution.,,Nature Sustainability
British vegetable consumption.,,Nature Sustainability
Author Correction: Flexibility and intensity of global water use.,,Nature Sustainability
Emerging human infectious diseases and the links to global food production.,"Infectious diseases are emerging globally at an unprecedented rate while global food demand is projected to increase sharply by 2100. Here, we synthesize the pathways by which projected agricultural expansion and intensification will influence human infectious diseases and how human infectious diseases might likewise affect food production and distribution. Feeding 11 billion people will require substantial increases in crop and animal production that will expand agricultural use of antibiotics, water, pesticides and fertilizer, and contact rates between humans and both wild and domestic animals, all with consequences for the emergence and spread of infectious agents. Indeed, our synthesis of the literature suggests that, since 1940, agricultural drivers were associated with >25% of all - and >50% of zoonotic - infectious diseases that emerged in humans, proportions that will likely increase as agriculture expands and intensifies. We identify agricultural and disease management and policy actions, and additional research, needed to address the public health challenge posed by feeding 11 billion people. © Springer Nature Limited 2019.",Nature sustainability
Cumulative environmental and employment impacts of the shale gas boom.,"Natural gas has become the largest fuel source for electricity generation in the United States and accounts for a third of energy production and consumption. However, the environmental and socioeconomic impacts across the supply chain and over the boom-and-bust cycle have not been comprehensively characterized. To provide insight for long-term decision making for energy transitions, we estimate the cumulative impacts of the shale gas boom in the Appalachian basin from 2004 to 2016 on air quality, climate change, and employment. We find that air quality impacts (1200 to 4600 deaths; $23B +99%/-164%) and employment impacts (469,000 job-years ±30%; $21B ±30%) follow the boom-and-bust cycle, while climate impacts ($12B to $94B) persist for generations well beyond the period of natural gas activity. Employment effects concentrate in rural areas where production occurs. However, almost half of cumulative premature mortality due to air pollution is downwind of these areas, occurring in urban regions of the Northeast. The cumulative temperature impacts of methane and carbon dioxide over a 30-year time horizon are nearly equivalent, but over the long term, the cumulative climate impact is largely due to carbon dioxide. We estimate that a tax on production of $2 per thousand cubic foot (+172%/-76%) would compensate for cumulative climate and air quality externalities across the supply chain.",Nature sustainability
Geoengineering in context.,,Nature Sustainability
Measuring systems thinking.,,Nature Sustainability
Speeding up the energy transition.,,Nature Sustainability
Water sustainability and watershed storage.,,Nature Sustainability
Indigenous rights vital to survival.,,Nature Sustainability
Mining IPBES assessments.,,Nature Sustainability
Recycling LCD panels.,,Nature Sustainability
Artisanal fish fences.,,Nature Sustainability
Nuanced views.,,Nature Sustainability
Ways to persuade.,,Nature Sustainability
Conservation and development.,,Nature Sustainability
Protecting predator functions.,,Nature Sustainability
Unusual pollution suspects.,,Nature Sustainability
Antibiotics in water.,,Nature Sustainability
Resilience and sustainability.,,Nature Sustainability
Corporations and climate.,,Nature Sustainability
Community matters.,,Nature Sustainability
Divergent perspectives.,,Nature Sustainability
Phosphorous from wastewater.,,Nature Sustainability
Author Correction: Biocultural approaches to pollinator conservation.,,Nature Sustainability
How can people save the planet?,,Nature Sustainability
Eutrophication's neglected drivers.,,Nature Sustainability
Addressing poverty in rural Africa.,,Nature Sustainability
To live and drink in Los Angeles.,,Nature Sustainability
A wider role for climate scenarios.,,Nature Sustainability
Unravelling child trafficking routes.,,Nature Sustainability
Not a drop to spare.,,Nature Sustainability
Learning sustainability innovations.,,Nature Sustainability
Running out of time.,,Nature Sustainability
No clean coal for stream animals.,,Nature Sustainability
The role of local adaptation in sustainable village chicken production.,"Village chickens are ubiquitous in smallholder farming systems, contributing to household, local and national economies under diverse environmental, economic and cultural settings. However, they are raised in challenging environments where productivity is low while mortality is high. There is much interest in utilizing indigenous genetic resources to produce a chicken resilient to its environment, whilst providing the basis of an economically sustainable enterprise. Globally, however, a wide variety of interventions have so far proved unable to deliver sustainable improvements. Here, we show that regional differences in trait preferences and parasite burden are associated with distinct chicken genepools, likely in response to interacting natural and human-driven (economic and social) selection pressures. Drivers of regional differences include marketing opportunities, cultural preferences, agro-ecologies and parasite populations, and are evident in system adaptations, such as management practices, population dynamics and bird genotypes. Our results provide sound multidisciplinary evidence to support previous observations that sustainable poultry development interventions for smallholder farmers, including breeding programs, should be locally tailored and designed for flexible implementation.",Nature sustainability
Publisher Correction: Growing Asian research networks.,,Nature Sustainability
Round four on the environment.,,Nature Sustainability
Energy and transformation.,,Nature Sustainability
Beer garden city.,,Nature Sustainability
Mobilizing for justice.,,Nature Sustainability
On-road freight complexities.,,Nature Sustainability
Corruption and exploitation.,,Nature Sustainability
Disengaging policy.,,Nature Sustainability
Pollinator policies.,,Nature Sustainability
Driving spaceship Earth.,,Nature Sustainability
Take-away container impacts.,,Nature Sustainability
Labour and carbon.,,Nature Sustainability
Air pollution regulation.,,Nature Sustainability
Spectacular environmentalism.,,Nature Sustainability
Cities drive food and water security.,,Nature Sustainability
Modelling the mysterious Maya.,,Nature Sustainability
Amassed threats to albatross species.,,Nature Sustainability
Small and bad.,,Nature Sustainability
Back home or not.,,Nature Sustainability
Modelling humanity's predicament.,,Nature Sustainability
Launching our first expert panel report.,,Nature Sustainability
Altered fire regimes.,,Nature Sustainability
Complex decisions.,,Nature Sustainability
Human-nature relations.,,Nature Sustainability
Author Correction: Quantification of energy and carbon costs for mining cryptocurrencies.,,Nature Sustainability
Brazil's sustainability needs social sciences.,,Nature Sustainability
Author Correction: A technology-forcing approach to reduce nitrogen pollution.,,Nature Sustainability
Sustainable agriculture.,,Nature Sustainability
Fall of ethanol.,,Nature Sustainability
Confusing disposal information.,,Nature Sustainability
Remote sensing plastics.,,Nature Sustainability
Using big data to accomplish a huge job.,,Nature Sustainability
Money beats the ocean.,,Nature Sustainability
Understanding water challenges.,,Nature Sustainability
Eco-labels and deforestation.,,Nature Sustainability
Abundance and growth.,,Nature Sustainability
Ugly vegetables wasted.,,Nature Sustainability
Cookstove startup emissions.,,Nature Sustainability
Tracking progress on the SDGs.,,Nature Sustainability
Warming and reorganizing.,,Nature Sustainability
Policy without science.,,Nature Sustainability
Media attention patterns.,,Nature Sustainability
Microfibre protective coating.,,Nature Sustainability
Challenges for scaling up conservation.,,Nature Sustainability
Publisher Correction: Cultural evolution of normative motivations for sustainable behaviour.,,Nature Sustainability
Land and food security.,,Nature Sustainability
Interdisciplinary peer review.,,Nature Sustainability
Neighbourhood density.,,Nature Sustainability
Racism mitigates concern.,,Nature Sustainability
Sustainable income.,,Nature Sustainability
Packaging from passion fruit.,,Nature Sustainability
Publisher Correction: Social-ecological outcomes of agricultural intensification.,,Nature Sustainability
CORRECTION.,,Nature Sustainability
Ocean science and policy.,,Nature Sustainability
Food versus energy.,,Nature Sustainability
Forty years of CITES.,,Nature Sustainability
Greener carbon capture.,,Nature Sustainability
Energy development impacts.,,Nature Sustainability
Closing the plastics loop.,,Nature Sustainability
Wastewater disease indicators.,,Nature Sustainability
Ossified contributions.,,Nature Sustainability
Long-term economic returns.,,Nature Sustainability
Ocean microfibre contamination.,,Nature Sustainability
Landfill mining.,,Nature Sustainability
Work and degrowth.,,Nature Sustainability
Wastewater disruptions.,,Nature Sustainability
Global copper scenarios.,,Nature Sustainability
Paying wisely for conservation.,,Nature Sustainability
Mothless nights.,,Nature Sustainability
Fresh water input.,,Nature Sustainability
The corruption effect.,,Nature Sustainability
Farm models need society.,,Nature Sustainability
Walking to better health.,,Nature Sustainability
Future urban research.,,Nature Sustainability
Exploring the breadth.,,Nature Sustainability
Transcending boundaries.,,Nature Sustainability
Ranking restoration scenarios.,,Nature Sustainability
Global crop certification map.,,Nature Sustainability
Affluence and increased cancer.,,Nature Sustainability
Mainstreaming women's issues.,,Nature Sustainability
Christian green concerns.,,Nature Sustainability
Our common vision.,,Nature Sustainability
Prescriptive safeguards.,,Nature Sustainability
Drivers of good practices.,,Nature Sustainability
Evolving field.,,Nature Sustainability
Toxic food.,,Nature Sustainability
Defeating the great derangement.,,Nature Sustainability
Hope is still a bison.,,Nature Sustainability
Disrupting the future.,,Nature Sustainability
On our bookshelf.,,Nature Sustainability
Impact of local and landscape complexity on the stability of field-level pest control.,,Nature Sustainability
The politics of biodiversity offsetting across time and institutional scales.,,Nature Sustainability
The global divide in data-driven farming.,,Nature Sustainability
Impact of palm oil sustainability certification on village well-being and poverty in Indonesia.,,Nature Sustainability
A highly efficient triboelectric negative air ion generator.,,Nature Sustainability
Increasing decision relevance of ecosystem service science.,,Nature Sustainability
Limited climate benefits of global recycling of pulp and paper.,,Nature Sustainability
High performance polyester reverse osmosis desalination membrane with chlorine resistance.,,Nature Sustainability
A pluralistic and integrated approach to action-oriented knowledge for sustainability.,,Nature Sustainability
Use and non-use value of nature and the social cost of carbon.,,Nature Sustainability
Criteria pollutant impacts of volatile chemical products informed by near-field modelling.,,Nature Sustainability
Adding forests to the water–energy–food nexus.,,Nature Sustainability
Unprecedented health costs of smoke-related PM2.5 from the 2019–20 Australian megafires.,,Nature Sustainability
Mapping the forest disturbance regimes of Europe.,,Nature Sustainability
Circular economy strategies for electric vehicle batteries reduce reliance on raw materials.,,Nature Sustainability
Leather-like material biofabrication using fungi.,,Nature Sustainability
The carbon opportunity cost of animal-sourced food production on land.,,Nature Sustainability
Ecological restoration impact on total terrestrial water storage.,,Nature Sustainability
The human–environment nexus and vegetation–rainfall sensitivity in tropical drylands.,,Nature Sustainability
Decoupling livestock and crop production at the household level in China.,,Nature Sustainability
Current and projected global extent of marine built structures.,,Nature Sustainability
Rethinking wastewater risks and monitoring in light of the COVID-19 pandemic.,,Nature Sustainability
Microbial deterioration and sustainable conservation of stone monuments and buildings.,,Nature Sustainability
Rational design of perfluorocarbon-free oleophobic textiles.,,Nature Sustainability
A sunlight-responsive metal–organic framework system for sustainable water desalination.,,Nature Sustainability
Grand theft water and the calculus of compliance.,,Nature Sustainability
Sustainable lead management in halide perovskite solar cells.,,Nature Sustainability
Neonicotinoids and decline in bird biodiversity in the United States.,,Nature Sustainability
The short-term impacts of COVID-19 lockdown on urban air pollution in China.,,Nature Sustainability
Reduced ecosystem services of desert plants from ground-mounted solar energy development.,,Nature Sustainability
Impacts of a large-scale titling initiative on deforestation in the Brazilian Amazon.,,Nature Sustainability
Modifying national accounts for sustainable ocean development.,,Nature Sustainability
W. W. Oswald et al. reply.,,Nature Sustainability
Gaps and opportunities in nitrogen pollution policies around the world.,,Nature Sustainability
Re-evaluating effectiveness of vehicle emission control programmes targeting high-emitters.,,Nature Sustainability
Impacts of international trade on global sustainable development.,,Nature Sustainability
Emergent constraint on crop yield response to warmer temperature from field experiments.,,Nature Sustainability
Political dynamics and governance of World Heritage ecosystems.,,Nature Sustainability
Effective uptake of submicrometre plastics by crop plants via a crack-entry mode.,,Nature Sustainability
Solar-trackable super-wicking black metal panel for photothermal water sanitation.,,Nature Sustainability
Increasing dependence of lowland populations on mountain water resources.,,Nature Sustainability
A scoping review of research funding for small-scale farmers in water scarce regions.,,Nature Sustainability
A scoping review of interventions for crop postharvest loss reduction in sub-Saharan Africa and South Asia.,,Nature Sustainability
A scoping review of market links between value chain actors and small-scale producers in developing regions.,,Nature Sustainability
A scoping review on incentives for adoption of sustainable agricultural practices and their outcomes.,,Nature Sustainability
Human impacts on polycyclic aromatic hydrocarbon distribution in Chinese intertidal zones.,,Nature Sustainability
Dust pollution from the Sahara and African infant mortality.,,Nature Sustainability
Brazilian maize yields negatively affected by climate after land clearing.,,Nature Sustainability
Challenges to the sustainability of deep-seabed mining.,,Nature Sustainability
Historic storms and the hidden value of coastal wetlands for nature-based flood defence.,,Nature Sustainability
Environmental destruction not avoided with the Sustainable Development Goals.,,Nature Sustainability
Pricing externalities and moral behaviour.,,Nature Sustainability
The natural capital framework for sustainably efficient and equitable decision making.,,Nature Sustainability
The value of China's ban on wildlife trade and consumption.,,Nature Sustainability
Divergent responses of soil organic carbon to afforestation.,,Nature Sustainability
Global reduction of solar power generation efficiency due to aerosols and panel soiling.,,Nature Sustainability
PEF plastic synthesized from industrial carbon dioxide and biowaste.,,Nature Sustainability
"Impacts of Chilean forest subsidies on forest cover, carbon and biodiversity.",,Nature Sustainability
Encouraging pro-environmental behaviour through green identity labelling.,,Nature Sustainability
Resource stress and subsistence diversification across societies.,,Nature Sustainability
Sustainable commoditization of seafood.,,Nature Sustainability
Smart renewable electricity portfolios in West Africa.,,Nature Sustainability
Sustainable production of value-added carbon nanomaterials from biomass pyrolysis.,,Nature Sustainability
Culture and low-carbon energy transitions.,,Nature Sustainability
Disruption of emergency response to vulnerable populations during floods.,,Nature Sustainability
Desertifying deserts.,,Nature Sustainability
Effects of a natural disaster on mortality risks over the longer term.,,Nature Sustainability
Photovoltaic panel cooling by atmospheric water sorption–evaporation cycle.,,Nature Sustainability
Hydrological limits to carbon capture and storage.,,Nature Sustainability
Participatory policies and intrinsic motivation to conserve forest commons.,,Nature Sustainability
Unintended consequences of water conservation on the use of treated municipal wastewater.,,Nature Sustainability
Best-practice biodiversity safeguards for Belt and Road Initiative's financiers.,,Nature Sustainability
Science sidelined in approval of Australia's largest coal mine.,,Nature Sustainability
Global spread of local cyclone damages through urban trade networks.,,Nature Sustainability
The ocean genome and future prospects for conservation and equity.,,Nature Sustainability
Health co-benefits of achieving sustainable net-zero greenhouse gas emissions in California.,,Nature Sustainability
Inland fish and fisheries integral to achieving the Sustainable Development Goals.,,Nature Sustainability
High-spatiotemporal-resolution mapping of global urban change from 1985 to 2015.,,Nature Sustainability
The importance of system configuration for distributed direct potable water reuse.,,Nature Sustainability
Integrating climate change in ocean planning.,,Nature Sustainability
The effect of education on determinants of climate change risks.,,Nature Sustainability
Multi-heteroatom-doped carbon from waste-yeast biomass for sustained water splitting.,,Nature Sustainability
Quantification of disaster impacts through household well-being losses.,,Nature Sustainability
Economic development and converging household carbon footprints in China.,,Nature Sustainability
Evaluating the efficacy and equity of environmental stopgap measures.,,Nature Sustainability
Bundling innovations to transform agri-food systems.,,Nature Sustainability
Water and sanitation for all in a pandemic.,,Nature Sustainability
Author Correction: The downstream air pollution impacts of the transition from coal to natural gas in the United States.,,Nature Sustainability
Real-time data from mobile platforms to evaluate sustainable transportation infrastructure.,,Nature Sustainability
A holistic analysis of passenger travel energy and greenhouse gas intensities.,,Nature Sustainability
Comprehensive bycatch assessment in US fisheries for prioritizing management.,,Nature Sustainability
Corncob cellulose nanosphere as an eco-friendly detergent.,,Nature Sustainability
Impacts of climate change and deforestation on hydropower planning in the Brazilian Amazon.,,Nature Sustainability
Towards better representation of organic agriculture in life cycle assessment.,,Nature Sustainability
Net emission reductions from electric cars and heat pumps in 59 world regions over time.,,Nature Sustainability
The viability and desirability of replacing palm oil.,,Nature Sustainability
Sustainability analysis of French dietary guidelines using multiple criteria.,,Nature Sustainability
Vulnerability of honey bee queens to heat-induced loss of fertility.,,Nature Sustainability
The role of soil carbon in natural climate solutions.,,Nature Sustainability
Negative effects of cattle on soil carbon and nutrient pools reversed by megaherbivores.,,Nature Sustainability
CO2 mineralization and utilization by alkaline solid wastes for potential carbon reduction.,,Nature Sustainability
High-purity electrolytic lithium obtained from low-purity sources using solid electrolyte.,,Nature Sustainability
International conflict and cooperation over freshwater resources.,,Nature Sustainability
A global perspective on sustainable intensification research.,,Nature Sustainability
The global cropland-sparing potential of high-yield farming.,,Nature Sustainability
Conservation agriculture for sustainable intensification in South Asia.,,Nature Sustainability
Feasible alternatives to green growth.,,Nature Sustainability
Water scarcity and fish imperilment driven by beef production.,,Nature Sustainability
The super-rich and cropland expansion via direct investments in agriculture.,,Nature Sustainability
Using yeast to sustainably remediate and extract heavy metals from waste waters.,,Nature Sustainability
Governance challenges for tropical nations losing fish species due to climate change.,,Nature Sustainability
Effective ion sieving with Ti3C2Tx MXene membranes for production of drinking water from seawater.,,Nature Sustainability
Upturn in secondary forest clearing buffers primary forest loss in the Brazilian Amazon.,,Nature Sustainability
Buildings as a global carbon sink.,,Nature Sustainability
Imagining transformative biodiversity futures.,,Nature Sustainability
Health and sustainability in post-pandemic economic policies.,,Nature Sustainability
Potential yield challenges to scale-up of zero budget natural farming.,,Nature Sustainability
Wisdom of stakeholder crowds in complex social–ecological systems.,,Nature Sustainability
Conservation implications of limited Native American impacts in pre-contact New England.,,Nature Sustainability
Feeding ten billion people is possible within four terrestrial planetary boundaries.,,Nature Sustainability
Environmental market design for large-scale marine conservation.,,Nature Sustainability
Impact of Tanzania's Wildlife Management Areas on household wealth.,,Nature Sustainability
Understanding the role of illicit transactions in land-change dynamics.,,Nature Sustainability
Socio-environmental and land-use impacts of double-cropped maize ethanol in Brazil.,,Nature Sustainability
River bank instability from unsustainable sand mining in the lower Mekong River.,,Nature Sustainability
Principles for knowledge co-production in sustainability research.,,Nature Sustainability
Addressing environmental sustainability of biochemicals.,,Nature Sustainability
The downstream air pollution impacts of the transition from coal to natural gas in the United States.,,Nature Sustainability
The costs of human-induced evolution in an agricultural system.,,Nature Sustainability
Recyclable thermoset hyperbranched polymers containing reversible hexahydro-s-triazine.,,Nature Sustainability
Heat exposure and global air conditioning.,,Nature Sustainability
Countries and the global rate of soil erosion.,,Nature Sustainability
A benefit–cost analysis of floodplain land acquisition for US flood damage reduction.,,Nature Sustainability
Research gaps in knowledge of the impact of urban growth on biodiversity.,,Nature Sustainability
Conservation opportunities on uncontested lands.,,Nature Sustainability
Household transitions to clean energy in a multiprovincial cohort study in China.,,Nature Sustainability
Governance in socioeconomic pathways and its role for future adaptive capacity.,,Nature Sustainability
A 'middle way' for Indonesian fires.,,Nature Sustainability
Natural capital in climate models.,,Nature Sustainability
Possible negative consequences of a wildlife trade ban.,,Nature Sustainability
Reply to: Improper estimation of lead contamination.,,Nature Sustainability
Improper estimation of lead contamination.,,Nature Sustainability
Structures spread across our seas.,,Nature Sustainability
Digital agriculture to design sustainable agricultural systems.,,Nature Sustainability
Energy use and the sustainability of intensifying food production.,,Nature Sustainability
Crop production in Pakistan and low nitrogen use efficiencies.,,Nature Sustainability
How transit scaling shapes cities.,,Nature Sustainability
Viscoelastic solid-repellent coatings for extreme water saving and global sanitation.,,Nature Sustainability
Cumulative environmental and employment impacts of the shale gas boom.,,Nature Sustainability
A more dynamic understanding of human behaviour for the Anthropocene.,,Nature Sustainability
Integrated scenarios to support analysis of the food–energy–water nexus.,,Nature Sustainability
Biodiversity's contributions to sustainable development.,,Nature Sustainability
Key knowledge gaps to achieve global sustainability goals.,,Nature Sustainability
Environmental and health co-benefits for advanced phosphorus recovery.,,Nature Sustainability
Mitigating crop yield losses through weed diversity.,,Nature Sustainability
Emissions and health impacts from global shipping embodied in US–China bilateral trade.,,Nature Sustainability
Greater gains for Australia by tackling all SDGs but the last steps will be the most challenging.,,Nature Sustainability
The PMI Predictor app to enable green-by-design chemical synthesis.,,Nature Sustainability
Integrated stormwater inflow control for sewers and green structures in urban landscapes.,,Nature Sustainability
Air pollution-induced missed abortion risk for pregnancies.,,Nature Sustainability
Air quality and health benefits from fleet electrification in China.,,Nature Sustainability
Domino effect of climate change over two millennia in ancient China's Hexi Corridor.,,Nature Sustainability
The impact of agricultural interventions can be doubled by using satellite data.,,Nature Sustainability
Temporal patterns of adoption of mariculture innovation globally.,,Nature Sustainability
Sustainable intensification of agricultural drainage.,,Nature Sustainability
Citizen science and the United Nations Sustainable Development Goals.,,Nature Sustainability
Property rights and the protection of global marine resources.,,Nature Sustainability
Sustainable co-production of food and solar power to relax land-use constraints.,,Nature Sustainability
Cash transfers for pro-poor carbon taxes in Latin America and the Caribbean.,,Nature Sustainability
How conservation initiatives go to scale.,,Nature Sustainability
Realizing resilience for decision-making.,,Nature Sustainability
Adverse effects of rising interest rates on sustainable energy transitions.,,Nature Sustainability
Next-generation information to support a sustainable course for European forests.,,Nature Sustainability
Microstructure and surface control of MXene films for water purification.,,Nature Sustainability
Tackling food consumption inequality to fight hunger without pressuring the environment.,,Nature Sustainability
Public views of the Sustainable Development Goals across countries.,,Nature Sustainability
Agrivoltaics provide mutual benefits across the food–energy–water nexus in drylands.,,Nature Sustainability
Solar-power replacement as a solution for hydropower foregone in US dam removals.,,Nature Sustainability
The role of movement restrictions in limiting the economic impact of livestock infections.,,Nature Sustainability
Rethinking resilience to wildfire.,,Nature Sustainability
Six Transformations to achieve the Sustainable Development Goals.,,Nature Sustainability
Firm-level propagation of shocks through supply-chain networks.,,Nature Sustainability
Floating treatment wetlands as a suitable option for large-scale wastewater treatment.,,Nature Sustainability
The supply chain of violence.,,Nature Sustainability
A polydimethylsiloxane-coated metal structure for all-day radiative cooling.,,Nature Sustainability
Direct and indirect loss of natural area from urban expansion.,,Nature Sustainability
China's CO2 peak before 2030 implied from characteristics and growth of cities.,,Nature Sustainability
Anthropogenic lead in Amazonian wildlife.,,Nature Sustainability
Improved estimates of forest cover and loss in the Brazilian Amazon in 2000–2017.,,Nature Sustainability
Connecting climate action with other Sustainable Development Goals.,,Nature Sustainability
Modelling the drivers of a widespread shift to sustainable diets.,,Nature Sustainability
Anthropocene risk.,,Nature Sustainability
Scope and limitations of drought management within complex human–natural systems.,,Nature Sustainability
Deeper well drilling an unsustainable stopgap to groundwater depletion.,,Nature Sustainability
Information gaps in indigenous and local knowledge for science-policy assessments.,,Nature Sustainability
Direct human health risks of increased atmospheric carbon dioxide.,,Nature Sustainability
Resource recovery from sanitation to enhance ecosystem services.,,Nature Sustainability
Frankincense in peril.,,Nature Sustainability
Rising adoption and retention of meat-free diets in online recipe data.,,Nature Sustainability
"Ozone depletion, ultraviolet radiation, climate change and prospects for a sustainable future.",,Nature Sustainability