Title,Abstract,Journal
,,
Building from Scratch: An Auto-ethnographic Approach for the Development of a Social Reporting Model,"This paper presents an auto-ethnographic account of the development of a social reporting model in Latin America. This model, named \xe2\x80\x98Value Footprint\xe2\x80\x99 (VF), was created by Luis Perera Aldama while partner at the Chilean office of BigOne, a Big Four audit firm. The VF social reporting tool explains how companies create and distribute value, similarly to other Value Added Statements models. The VF has now been in use for over 15 years in more than 20 large companies in Colombia, Mexico, Chile, and Uruguay. Luis, one of the co-authors of this paper, narrates the inside story of how a social reporting model is actually created, by presenting a thick description that places this story in its cultural and historical context. This paper explores the use of Auto-ethnography, a relatively new research method in social sciences, which has rarely been used in Accounting. This unique approach helps the reader to reflect on the lessons gained from this experience and its implications for future developments in social accounting, particularly in emerging markets.",Social and Environmental Accountability Journal
,,
The Verbal Tone in Mandatory Environmental Disclosures: Evidence from Changes in Disclosures Following SEC Guidance,"This study investigates whether the verbal tone of environmental disclosures in companies\xe2\x80\x99 annual reports changed following SEC interpretive guidance released in 2010. The content analysis software DICTION is used to construct measures of verbal tone and size of the disclosures. For a sample of companies in both environmentally sensitive and non-sensitive industries, we find an increase in the degree of \xe2\x80\x98realism\xe2\x80\x99 and \xe2\x80\x98certainty\xe2\x80\x99 of the disclosures following the release of the SEC guidance. The results hold after controlling for environmental performance and firm specific characteristics. In addition, the size of environmental disclosures increased in the year preceding the release of the guidance, suggesting that companies may have anticipated an interpretive release from the SEC. Furthermore, there were no significant changes in the size and verbal tone of voluntary environmental disclosures over the same time period, suggesting that the changes in the annual reports filed with the SEC resulted primarily from companies\xe2\x80\x99 responses to the interpretive guidance. These findings show that impressions management is less prevalent in mandated environmental disclosures.",Social and Environmental Accountability Journal
,,
Relevance of SEA to a Global Financial Centre Under One Country Two Systems: Engaging Stakeholders for Sustainability and Climate Change,"As the world calls for actions in response to the adverse impacts on the natural environment associated with climate change, the international capital market increasingly recognises the pertinent investment risks imposed on assets around the globe demanding more pertinent disclosures. Hong Kong, a special administrative region and the global financial centre of the most populous nation and second largest economy of the world, has strategised to synchronise with the international financial community. Under one country two systems, it reinforces financial regulatory measures on ESG disclosures by listed companies with the ambition to become a hub of green finance. However, a recent survey reveals sluggishness of these companies in complying with the disclosure guidelines pertinent to social and environmental sustainability. Furthermore, engagement with their stakeholders appears to remain insufficient despite its significance to facilitating a social and environmental accounting (SEA) process. Meanwhile, the city\xe2\x80\x99s recent social movement and turmoil generates grave concerns over its underlying social sustainability and even public health. This commentary suggests that a gap exists between: (a) the policy desire to position Hong Kong systemically as an international green finance hub that hinges upon harmonisation among local, international and governing stakeholders and (b) Hong Kong\xe2\x80\x99s apparent un-sustainability status. This dilemma is yet to be harmonised owing to inability to reach consensus among intergenerational stakeholders recurrently diverged over ideologies. Such relevance and implications for the international SEAJ community are articulated.",Social and Environmental Accountability Journal
,,
Toward Dialogic Accounting? Public Accountants\xe2\x80\x99 Assistance to Works Councils \xe2\x88\x92 A Tool Between Hope and Illusion / When Democratic Principles Are Not Enough: Tensions and Temporalities of Dialogic Stakeholder Engagement / Bringing the Ugly Back: A Dialogic Exploration of Ethics in Leadership Through an Ethno-narrative re-Reading of the Enron Case,,Social and Environmental Accountability Journal
,,
Sustainability Struggles: Conflicting Cultures and Incompatible Logics,,Social and Environmental Accountability Journal
,,
Contested Compliance Regimes in Global Production Networks: Insights from the Bangladesh Garment Industry,,Social and Environmental Accountability Journal
,,
Special Issue Editorial: Social and Environmental Account/Ability 2020 and Beyond,"This issue aims to reflect on the current state of research in the broad field of social and environmental accounting/accountability (SEA) as well as consider its future. In this editorial we introduce the topic of the special issue, outline the contributions that make up its content and offer some thoughts on the future of SEA research. Some observations as to current and emerging trends in the field are first offered and reflected on before the contributions provided by each of the papers is presented. We conclude by offering some thoughts on the future of SEA research and ultimately call for more (engaged/ reflective/ critical/ radical) research in this field which is motivated by, and seeks to address, the catastrophic social, ecological and economic devastation that defines our current state.",Social and Environmental Accountability Journal
,,
A Meta-Review of SEAJ: The Past and Projections for 2020 and Beyond,"<i>Social and Environmental Accountability Journal (SEAJ)</i> made notable progress as a specialist journal for disseminating social and environmental accounting research (SEAR) over the past 26 years. This study reviews SEAJ\xe2\x80\x99s published papers to establish the journal\xe2\x80\x99s achievements and to suggest possible areas to address heading into the future. We analyse the volume, methodology, impact (citation) of articles and jurisdictions represented in SEAJ. The findings show that original articles employing qualitative methods have the most representation in SEAJ. While there is a reasonable spread of published research focusing on the UK, the US and Australia, the results indicate a paucity of research emanating from developing countries. The projections herein are in line with the intent of SEAJ to advance the journal\xe2\x80\x99s goals by 2020 and beyond. Consequently, we call on SEAJ contributors to consider research that accounts for the underrepresented jurisdictions and the extant SEAR gaps, as well as the emerging issues affecting social and environmental accounting (SEA).",Social and Environmental Accountability Journal
,,
Imagining the Future of Social and Environmental Accounting Research for Pacific Small Island Developing States,"In this paper, I contribute to the conversation of imagining the future of Social and Environmental Accounting (SEA) research for Pacific Small Island Developing States (PSIDS). I focus on PSIDS as this region is arguably the most disadvantaged region given its low economic base, geographic isolation and environmental precarity. Initially, I conduct a literature review of accounting-related papers based on PSIDS and provide some suggestions for a research agenda of SEA for PSIDS. The literature review highlights that SEA research in the Pacific is an under-researched area and the few studies on SEA in the Pacific have largely been based on Fiji. For many countries in the Pacific, there is a vacuum of academic literature, however, there is a need to better understand the role of SEA in assisting these island nations address pertinent social and environmental issues, and no issue is as important as climate change. I make some inter-related suggestions for the future of SEA research for PSIDS. These suggestions emphasise the production of knowledge that draws on a diversity of perspectives from other disciplines and focuses on developing solutions based on the context of PSIDS and the lived realities of Pacific Island peoples.",Social and Environmental Accountability Journal
,,
Exploring the Potential Links between Social and Environmental Accounting and Political Ecology,"This paper explores the potential links between Political Ecology (PE) and Critical perspectives of Social and Environmental Accounting (Critical SEA). It is argued that both disciplines share similar theoretical views about the social and environmental crisis and the role of accounting in it. Also, it is claimed that both disciplines can feed one another with conceptual and/or instrumental tools. Specifically, critical SEA could conceptualise the use of socio-environmental conflicts to analyse the role of corporations in redefinition of those conflicts; while PE could make use of external accounting to fortify the arguments of social movements. In this paper, these links are shown in action by analysing a socio-environmental conflict.",Social and Environmental Accountability Journal
,,
"A Limb, Not a Lens: Re-thinking Theory\xe2\x80\x99s Role in Social and Environmental Accounting Research","This paper critiques the metaphor of theory as a \xe2\x80\x98lens\xe2\x80\x99 in social and environmental accounting (SEA) research, and proposes alternatives. The main purpose is to challenge images of SEA theories as essentially interchangeable perspectives that are more or less valid on their own terms and which provide incremental contributions to knowledge. Lens metaphors matter, therefore, insofar as they imply or cultivate this perspective. The paper begins by analysing more precisely what understandings of the function and role of SEA theory lens metaphors lead towards, and identifies conceptual and practical risks of these perspectives. The paper then proposes two alternatives: (i) A metaphor of theory as limb; and (ii) the related image \xe2\x80\x93 drawn from Hans-Georg Gadamer and Charles Taylor \xe2\x80\x93 of theories as part of \xe2\x80\x98bodies\xe2\x80\x99 of tradition rather than discrete units. The paper argues these twin images offer an embodied and engaged perspective on theory\xe2\x80\x99s role that aligns more closely with SEA\xe2\x80\x99s distinctive agenda to hold organisations accountable to civil society, and can also help maintain vibrant SEA communities. Where prior research advocates passion, agonism or less theory, this paper advocates more visceral and reflexive engagement with the theories and theoretical traditions our research applies.",Social and Environmental Accountability Journal
,,
When CSR backfires: understanding stakeholders\xe2\x80\x99 negative responses to corporate social responsibility,,Social and Environmental Accountability Journal
,,
Unpacking the Narrative Decontestation of CSR: Aspiration for Change or Defense of the Status Quo? / Vicious and Virtuous Circles of Aspirational Talk: From Self-Persuasive to Agonistic CSR Rhetoric / Aspirational Talk in Strategy Texts: A Longitudinal Case Study of Strategic Episodes in Corporate Social Responsibility Communication,,Social and Environmental Accountability Journal
,,
A stakeholder theory perspective on business models: value creation for sustainability,,Social and Environmental Accountability Journal
,,
Critical Dialogical Accountability: From Accounting-based Accountability to Accountability-based Accounting,,Social and Environmental Accountability Journal
,,
Editorial,,Social and Environmental Accountability Journal
,,
To Agree or Disagree? An Analysis of CSR Ratings Firms,"With the increasing use of CSR ratings firms\xe2\x80\x99 data to guide ethical investing and to derive findings in academic studies, there has been a growth in the number of ratings firms. These firms use differing methodologies and data to derive their ratings. Therefore, it is important to understand whether ratings are commensurable, as decisions made on the basis of the ratings data used may differ. This paper assesses the level of agreement between two ratings firms, Bloomberg and CSR Hub across three main CSR sub-categories and an overall score. It uses Lin\xe2\x80\x99s concordance correlation coefficient and intraclass correlation coefficient on continuous ratings, and cross-tabulation and Cohen\xe2\x80\x99s kappa on ranked ratings within a sample of 720 US and EU companies. For both continuous and ranked data, there is most agreement on Employees/Social, Community/Social and Overall categories and weaker agreement on Environmental and Governance categories. Firms in the German DAX are most consistently rated, as are large and medium-sized firms. These findings propose a degree of caution for investors and academics using only one rater as the basis for their decisions/inferences. Accounting practitioners should be aware their CSR disclosures result in differing ratings and should consider which raters their key investors use. This paper is original in the comprehensive range of methods used to analyse two ratings firms across all CSR sub-categories, in samples from both the US and EU.",Social and Environmental Accountability Journal
,,
Teaching Case. PF Integrated: Developing and Experimenting Competencies in Sustainability Accounting,"This teaching case presents the struggles of PF Integrated, a fictional Canadian pulp and paper and lumber company facing mounting socio-environmental stakeholder expectations within a difficult economic context. It intends to engage accounting students in business sustainability issues and opportunities and to familiarise them with the role they can play in helping organisations transitioning toward a more sustainable business approach. Students are invited to use different socio-environmental accounting tools, integrate socio-environmental factors and stakeholder considerations in decision making and adopt an integrated perspective on the strategy and management of an organisation. The teaching note supports this endeavour by proposing three teaching plans organised around different areas of accounting (strategy and eco-control; reporting and governance; impacts on performance), which can be tailored to the instructor\xe2\x80\x99s pedagogical objectives. The broad coverage of accounting issues offered by the case makes it interesting to deconstruct to cover one specific issue at a time in order to develop the students\xe2\x80\x99 technical skills, or to use comprehensively for a more global study of sustainable organisational management to develop the students\xe2\x80\x99 reflective thinking and integration abilities.",Social and Environmental Accountability Journal
,,
A Pressing Need to Engage with the Intergovernmental Panel on Climate Change: The Role of SEA Scholars in Syntheses of Social Science Climate Research,"Momentum is building in the global effort to tackle climate change. Climate regulations and low-carbon technological advances are seen as an inevitable part of the twenty-first-century and of humanity\'s future [Falkner 2016. \xe2\x80\x9cThe Paris Agreement and the New Logic of International Climate Politics.\xe2\x80\x9d <i>International Affairs</i> 92 (5): 1107\xe2\x80\x931125. doi:<a class=""ext-link"" href=""https://doi.org/10.1111/1468-2346.12708"" target=""_blank"">10.1111/1468-2346.12708</a>]. We have seen the momentous Paris Agreement, widespread mobilisation in civil society and, much to our surprise, even the financial sector authorities appear to have experienced a moment of partial enlightenment. While finance has historically been recalcitrant, at best, on climate change, investment in low-carbon energy has risen rapidly and now exceeds an annual US$600 billion [IEA 2019. \xe2\x80\x9cWorld Energy Investment 2019.\xe2\x80\x9d International Energy Agency (IEA), Organisation for Economic Co-operation and Development (OECD). <a class=""ext-link"" href=""https://www.iea.org/wei2019"" target=""_blank"">https://www.iea.org/wei2019</a>, 31]. Yet this needs to rise to US$1.6 trillion per year \xe2\x80\x93 equivalent to an increase of US$114 million every hour \xe2\x80\x93 if we are to achieve the ambitions of the Paris Agreement (Ibid.). So investment and finance remain as key hurdles on the pathway to keeping global warming below two degrees Celsius.",Social and Environmental Accountability Journal
,,
"The Corporation, Law and Capitalism: A Radical Perspective on the Role of Law in the Global Political Economy",,Social and Environmental Accountability Journal
,,
How Sustainable is Big Data?,,Social and Environmental Accountability Journal
,,
"Accounting, Performance Measurement and Fairness in UK Fresh Produce Supply Networks",,Social and Environmental Accountability Journal
,,
Tax Avoidance as a Sustainability Problem,,Social and Environmental Accountability Journal
,,
Varieties of Neo-colonialism: Government Accounting Reforms in Anglophone and Francophone Africa \xe2\x80\x93 Benin and Ghana Compared,,Social and Environmental Accountability Journal
,,
Crowdsourcing Corporate Transparency through Social Accounting: Conceptualising the \xe2\x80\x98Spotlight Account\xe2\x80\x99,"This paper considers an alternative way of gathering and evaluating information on corporate social responsibility (CSR) and the actions taken towards sustainable development. Social accounting theory is currently limited in conceptualising external accounts that sit outside the description of silent or shadow accounts. With the emergence of technological platforms that enable CSR information to be collectively located, new models of stakeholder engagement are growing using the wisdom of the crowd for information collation and analyses. This paper outlines a crowdsourced platform, WikiRate, which aims to both empower corporate transparency surrounding the Sustainable Development Goals and assist in multidimensional stakeholder participation and decision making. Existing theoretical characterisations of external accounts are used as a way of understanding the WikiRate engagement model and more broadly its relationship with social accounting. Through analysis and theoretical development, this research has implications for imagining and exploring new social accountings and social accountants that can lead to emancipatory change. \xe2\x80\x98Spotlight accounting\xe2\x80\x99 is introduced as a process that illuminates global organisational transparency and sustainability through crowdsourcing by independent stakeholders.",Social and Environmental Accountability Journal
,,
Directors &amp; Corporate Social Responsibility: Joint Consideration of Director Gender and the Director\xe2\x80\x99s Role,"We examined the relationship between Corporate Social Responsibility (CSR) and director characteristics, including director gender and director role. Directors can have different roles on the board: executive directors (who are also managers of the company) and non-executive directors. Non-executive directors may be independent directors or grey directors (who are not executives but who have a relationship with the company or its executives that could compromise their independence). Female directors have been found in previous studies to be associated with CSR. We consider whether female directors are associated with CSR regardless of their director role, or whether females in different director roles may be more strongly associated with CSR.",Social and Environmental Accountability Journal
,,
The Impact of Governmental Pressure on Corporate Corruption Spending: Evidence from China,"Corruption creates both social and economic problems, and perhaps as much as any other country, China has faced corruption concerns for decades. Beginning in November 2012, Chinese leader Xi Jinping instituted one of the most widespread anti-corruption campaigns in the country\xe2\x80\x99s history. We investigate its impacts on corporate corruption spending. We use reported Entertainment and Travel Costs as our proxy for corruption spending, and focus on a sample of 107 large Chinese firms with data available over the 2010\xe2\x80\x932015 time frame. We document significant decreases in our corruption spending proxy over the three-year period following implementation of the anti-corruption campaign relative to the preceding three-year period. We also find that reductions in the spending are significantly more pronounced for firms in industries targeted more directly under the anti-corruption campaign. These results hold when we control for status as a state-owned enterprise and changes in firm profitability. We conclude that, at least in the Chinese setting, governmental pressure was effective at reducing corporate corruption. While we cannot generalise our results to more developed Western economies, our findings would appear to be particularly relevant to developing economies where other forms of social constraints on corruption may be less prevalent.",Social and Environmental Accountability Journal
,,
Being Ecological,,Social and Environmental Accountability Journal
,,
Gender is not \xe2\x80\x9ca dummy variable\xe2\x80\x9d: a discussion of current gender research in accounting,,Social and Environmental Accountability Journal
,,
An Inconvenient Truth: How Organisations Translate Climate Change into Business as Usual,,Social and Environmental Accountability Journal
,,
The Institutional Work of Exploitation: Employers\xe2\x80\x99 Work to Create and Perpetuate Inequality,,Social and Environmental Accountability Journal
,,
It\xe2\x80\x99s Time to Think Centrality of Time in Relation to Sustainable Business,,Social and Environmental Accountability Journal
,,
Accounting for Sustainability Governance: The Enabling Role of Social and Environmental Accountability Research,"The purpose of this paper is to critically examine the concerns inherent in governance for the achievement of sustainability. The paper provides insights into the challenges and tools as investigated by accounting researchers, identifies gaps in the literature, presents the contributions to this special issue and sketches an agenda for future research.",Social and Environmental Accountability Journal
,,
Temporal Strategic Knowledge-sharing Nets as Instances of Sustainability Governance in Practice,"This paper builds on the notion that sustainability governance is not only about relationships between public and private actors, but also the implementation of overarching sustainability goals with regard to operational practice. Thus, it regards accountability both in terms of relationships and performance outcomes. By introducing the case of a temporal strategic net in Sweden, it explores how multisector business actors and the state work together to improve understandings of the translation of national sustainability objectives into organisational outcomes. Here, the net provides an example of sustainability governance that rests on the interaction of accountability relationships between policy-makers and business practitioners, which has consequent intra-organisational and societal effects. It finds that such nets can be characterised as discursive spaces to share best practice, with the potential to improve operational knowledge and performance. However, clear goals from the outset are prerequisite to their success. Overall, the paper makes two contributions. First, it helps define sustainability governance for SEA research. This is deemed necessary given that sustainability governance in SEA research is arguably still in its beginnings. Second, it proposes the potential of strategic \xe2\x80\x98knowledge-sharing\xe2\x80\x99 nets both conceptually in research and operationally in practice as sustainability governance structures.",Social and Environmental Accountability Journal
,,
Towards Transparency? Analysing the Sustainability Governance Practices of Ethical Certification,"Ethical certifications and their related labels are frequently seen as market solutions, but less often as sustainability governance regimes. Through an analytics of governmentality lens, we analyse two different ethical certification schemes operating within a single market. We question whether ethical certification and its related labelling can be relied upon to bring about \xe2\x80\x98better\xe2\x80\x99 transparency regarding the products offered from which various outcomes become possible \xe2\x80\x93 such as consumers making informed decisions, and various actors being able to hold companies to account. Consumer confusion, evident in our case study, calls into question ethical certification\xe2\x80\x99s achievement of a reduction in informational asymmetries. Our findings also show how this confusion provided an opportunity for a non-government organisation and a government oversight body to ultimately call a company to account. Overall, we point to both the limits and potential of ethical certification as a wider sustainability governance regime by highlighting complexities associated with acts of both governing and being governed.",Social and Environmental Accountability Journal
,,
Sustainability accounting and integrated reporting,,Social and Environmental Accountability Journal
,,
Social movement NGOs and the comprehensiveness of conflict mineral disclosures: evidence from global companies,,Social and Environmental Accountability Journal
,,
Acknowledging complexity in food supply chains when assessing their performance and sustainability,,Social and Environmental Accountability Journal
,,
Ideology and the micro-foundations of CSR: Why executives believe in the business case for CSR and how this affects their CSR engagements,,Social and Environmental Accountability Journal
,,
The Role of Sustainability Performance and Accounting Assurors in Sustainability Assurance Engagements,,Social and Environmental Accountability Journal
,,
Two Versions for the Same Story: Restatements and Assurance of Sustainability Reporting,,Social and Environmental Accountability Journal
,,
Editorial,,Social and Environmental Accountability Journal
,,
Accounting for Strike Action: An Illustration of Organised Hypocrisy,"This study examines how social disclosures by the world\'s three largest producers of platinum group metals (all located in South Africa) are used to address stakeholders\xe2\x80\x99 divergent expectations after significant labour unrest at their mining operations during 2012. Organised hypocrisy is used as a theoretical framework to demonstrate how companies counter-couple a rational economic position on the strike action from a progressive stance on social reform. Talk and decision are used to suggest a potential for positive change while material revisions to business practice are deferred to safeguard financial interests. Contrary to earlier findings, this type of reporting strategy is used even when dealing with powerful constituents. This may be because organised hypocrisy is able to placate stakeholders who do not have direct access to an organisation\'s internal decision making. It is also possible that, when stakeholders are also engaged in a type of organised hypocrisy, they are unable to criticise organisations for maintaining multiple and competing facades. Consequently, organised hypocrisy can severely undermine the change potential of sustainability reporting.",Social and Environmental Accountability Journal
,,
Teaching Case. The Case of Assabi: Expanding the Learning on Sustainability Through an Experiential Qualitative Multi-Criteria Decision Making Activity,"This teaching case study provides a learning context to explore the integration of sustainability concepts into business decision-making processes from multiple stakeholder perspectives. The case study consists of the simulation of a multi-criteria decision process in a fictitious story about stakeholders interested in the export of frozen fruit pulp from the Amazon forest in Brazil to a large supermarket chain in the UK. Within this case, we present: the key stakeholders and their interests; the alternatives for negotiation and; indicators related to financial performance and the economic, social and environmental impacts predicted by the implementation of each alternative. The learning activities are structured using an integration of Experiential Learning Theory (ELT) and learning in teams with a qualitative engagement with a Multi-Criteria Decision Aid (MCDA). Student groups experience the role of stakeholders by representing their values, knowledge, and preferences in an interactive process where they are progressively exposed to different levels of information about the decision and its consequences. The activity has the potential to offer a practical and complementary contribution in different learning environments to accounting and business decision-making for sustainability.",Social and Environmental Accountability Journal
,,
Making,,Social and Environmental Accountability Journal
,,
\xe2\x80\x9cThe expressive role of performance measurement systems: A field study of a mental health development project.\xe2\x80\x9d,,Social and Environmental Accountability Journal
,,
Postcapitalist Precarious Work and those in the \xe2\x80\x98drivers\xe2\x80\x99 Seat: Exploring the Motivations and Lived Experiences of Uber Drivers in Canada,,Social and Environmental Accountability Journal
,,
"\xe2\x80\x9c\xe2\x80\x98Mathematics maybe, but not money\xe2\x80\x99: on balance sheets, numbers and nature in ecological accounting.\xe2\x80\x9d",,Social and Environmental Accountability Journal
,,
Is Sustainability Performance Comparable? A Study of GRI Reports of Mining Organizations,,Social and Environmental Accountability Journal
,,
Re-politicizing social and environmental accounting through Ranci\xc3\xa8re: On the value of dissensus,,Social and Environmental Accountability Journal
,,
Reliability and Comparability of GHG Disclosures to the CDP by US Electric Utilities,"This exploratory study analyses voluntary disclosures of greenhouse gas (GHG) emissions to the Carbon Disclosure Project (CDP) by the largest emitters in the US utilities sector. We compare the amounts that firms voluntarily disclose to the CDP to mandatory amounts that should be less than them and find that the opposite is true for some firms. Examining the comparability of the CDP amounts, we find that firms calculate them using different reporting boundaries and accounting methodologies. We analyse how the choice of boundary affects emissions and find that it results in differences in emissions amounts. We also find that most firms do not have their reported amounts verified by third parties. Our analysis indicates that the amounts that some of the largest emitters disclose to the CDP are unreliable and incomparable. Our results suggest caution in relying on voluntary GHG emissions disclosures.",Social and Environmental Accountability Journal
,,
Mandatory? Voluntary? A Discussion of Corporate Environmental Disclosure Requirements in China,"In the face of an increasing Environmental crisis, the Chinese government has released a series of guidelines and regulations related to corporate environmental disclosure in recent years. However, the distinction between mandatory and voluntary disclosure, when considering China, is still problematic and a clear understanding of what is required by law and what is purely voluntary does not appear to exist in many studies of the region. As most researchers apply a simplistic classification, this leads to confusion and contradictions between studies. This paper outlines the complexities of the regulatory system in China and attempts to provide direction on how the term voluntary disclosure should be used when studying corporate environmental reporting in China.",Social and Environmental Accountability Journal
,,
Making Social and Environmental Accounting Research Relevant in Developing Countries: A Matter of Context?,,Social and Environmental Accountability Journal
,,
"The Social Function of Accounts, Reforming Accounting to Serve Mankind",,Social and Environmental Accountability Journal
,,
Dark Ecology: for a Logic of Future Coexistence,,Social and Environmental Accountability Journal
,,
Contemporary Issues in Social Accounting,,Social and Environmental Accountability Journal
,,
Seeking \xe2\x80\x98Conversations for Accountability\xe2\x80\x99: Mediating the Impact of Nongovernmental Organisation (NGO) Upward Accountability Processes,,Social and Environmental Accountability Journal
,,
Community Disclosures in a Developing Country: Insights from a Neo-Pluralist Perspective,,Social and Environmental Accountability Journal
,,
Environmental Management Accounting: The Missing Link to Sustainability?,"In this editorial, we review how environmental management accounting (EMA) and controls (EMCS) are linked with sustainability. We present six avenues for research to investigate further how EMA and EMCS can contribute to the missing link to sustainability. Finally, we present the four contributions to this special issue.",Social and Environmental Accountability Journal
,,
Linking Environmental Management Accounting: A Reflection on (Missing) Links to Sustainability and Planetary Boundaries,"Environmental management accounting (EMA) is an innovative management accounting approach that covers a large range of tools with the purpose to support different actors in environmentally beneficial decision-making in companies. While the existing literature has been systematised and many EMA tools and case study applications have been discussed in depth, the links to sustainability are mostly rather assumed than explicitly discussed. This article addresses links and missing links between EMA and ecological aspects of sustainability. As its name reveals, EMA focuses on issues of the natural environment. It would thus be inappropriate to harshly criticise missing explicit links to social issues and other non-environmental aspects of sustainability (e.g. as proposed by the UN sustainable development goals). The question, however, remains whether and how exactly EMA links or could be linked to global ecological issues of sustainability. This paper therefore examines EMA links to global environmental issues based on the concept of planetary boundaries as it covers key ecological issues of global sustainability.",Social and Environmental Accountability Journal
,,
Theorising and Modelling Social Control in Environmental Management Accounting Research,"This systematic review of empirical environmental management accounting literature contributes by asking how social controls \xe2\x80\x93 as components of environmental management control systems (EMCS) \xe2\x80\x93 have been presented, developing understandings of informal elements of control as vital for extending the field and ultimately the sustainability plight. By using Luft and Shields\xe2\x80\x99 (Luft, J., and M.\xc2\xa0D.\xc2\xa0Shields. 2003. \xe2\x80\x98Mapping management accounting: graphics and guidelines for theory-consistent empirical research.\xe2\x80\x99 <i>Accounting, Organizations and Society</i> 28 (2): 169\xe2\x80\x93249) framework for theory-consistent empirical research as an analytical mapping\xc2\xa0tool, it establishes the thematic properties of social control as: (1) knowledge about environmental issues; (2) commitment to environmental issues; (3) communication via interaction, dialogue and transparency of environmental issues; and (4) a corporate culture that fosters education, training and awareness of environmental issues; determined under the condition of available resources. Taken together, these properties are considered instrumental for systemic EMCS packages, allowing the development of future studies by defining and refining the theoretical properties of social control, contributing to the environmental management accounting and control literature. Moreover, the properties are also considered useful for managers to positively affect sustainability performance. Nevertheless, it remains unclear whether social control should be treated as part of the EMCS or external to it.",Social and Environmental Accountability Journal
,,
Developing Sustainability Mobility Controls: The Case of Four Belgian Local Governments,"<b>Purpose:</b> This paper explores the links between management controls, strategy, and sustainability in the context of the public sector. Institutional theory is used as a theoretical lens to explore how institutional influences enable or constrain the development of management controls in Belgian local governments, particularly those pertaining to sustainability mobility strategies.",Social and Environmental Accountability Journal
,,
Environmental Management Controls at Michelin \xe2\x80\x93 How Do They Link to Sustainability?,"The purpose of this paper is to study the evolution of environmental management controls of the Michelin Company, and see how they achieve \xe2\x80\x93 or not, to bring Michelin closer to a contribution to sustainability. By putting Michelin\'s environmental management controls in perspective with the expectations of the literature in terms of building the \xe2\x80\x98right\xe2\x80\x99 package for environmental controlling, we discuss how the efforts of a large French company over the years contribute \xe2\x80\x93 or not, to bring its performance closer to a contribution to sustainability.",Social and Environmental Accountability Journal
,,
Principles vs. Practice: A Review of,,Social and Environmental Accountability Journal
,,
The econocracy: the perils of leaving economics to the experts,,Social and Environmental Accountability Journal
,,
Accounting and Social Movements: An Exploration of Critical Accounting Praxis,,Social and Environmental Accountability Journal
,,
\xe2\x80\x98Speaking Truth to Power\xe2\x80\x99: Analysing Shadow Reporting as a Form of Shadow Accounting,,Social and Environmental Accountability Journal
,,
Exploring the Implications of Integrated Reporting for Social Investment (Disclosures),,Social and Environmental Accountability Journal
,,
"Continental Drift \xe2\x80\x93 Vale Professor David Campbell, 1963\xe2\x80\x932017",,Social and Environmental Accountability Journal
,,
Editorial,,Social and Environmental Accountability Journal
,,
Eye-Tracking Experiments in Social and Environmental Accounting Research,"In this article, we demonstrate the relevance of eye-tracking experiments in social and environmental accounting (SEA) research. Up to now, this type of design has been used in some areas within accounting research, but SEA has been neglected. If one is to adopt a user perspective [Merkl-Davies, D.\xc2\xa0M., and N.\xc2\xa0M.\xc2\xa0Brennan. 2007. \xe2\x80\x9cDiscretionary Disclosure Strategies in Corporate Narratives: Incremental Information or Impression Management?\xe2\x80\x9d <i>Journal of Accounting Literature</i> 27: 116\xe2\x80\x93196; 2011. \xe2\x80\x9cA Conceptual Framework of Impression Management: New Insights from Psychology, Sociology and Critical Perspectives.\xe2\x80\x9d <i>Accounting and Business Research</i> 41 (5): 415\xe2\x80\x93437], the investigation and the understanding of the way social and environmental information affects user perceptions and decisions requires, among other tools, the use of eye-tracking setups. We discuss the need for eye-tracking experiments in SEA research and provide some preliminary evidence on their usefulness by conducting an illustrative experiment.",Social and Environmental Accountability Journal
,,
Social Accounting into Action: Religion as \xe2\x80\x98Moral Source\xe2\x80\x99,"This paper analyses, and responds to, one aspect of perceived failures of social and environmental accounting to make societies more sustainable. First, we argue that Charles Taylor\xe2\x80\x99s concept of <i>moral sources</i> can articulate part of the \xe2\x80\x98motivational gap\xe2\x80\x99 between social and environmental accounts and sustainability. A\xc2\xa0moral source is an ideal that inspires people to enact their beliefs. Without a compelling moral source, social and environmental accounts may increase people\xe2\x80\x99s knowledge of sustainability issues without changing their behaviour. Second, we use religion to illustrate the <i>type</i> of moral source that social accounting might mobilise. Drawing on Pope Francis\xe2\x80\x99 encyclical <i>Laudato Si\': On Care for Our Common Home</i> (2015), we outline how moral sources can clarify what sustainable action requires and help commit people to these actions. Third, we apply this religious moral source to social and environmental accounting research into climate change-induced migration. Our paper does not argue that religion in general, or Catholic texts in particular, are the only moral sources accounting research could use. Rather, we use this religious discourse to illustrate the potential value of more directly linking social and environmental accounting to \xe2\x80\x98moral sources\xe2\x80\x99 that perform a comparable <i>role</i> in motivating sustainable social practice.",Social and Environmental Accountability Journal
,,
Improving Corporate Political Donations Disclosure: Lessons from Australia,"One of the activities corporations should be accountable for is their level of political donations. This paper examines two mandatory corporate political donation disclosure regimes in Australia and identifies three important lessons. First, our review confirms that although few citizens may care enough to scrutinise donation disclosure, there are people interested in such information and we should take political donation disclosure regimes seriously. Second, a well-funded entity must be made responsible not just for administering the disclosure system, but also for reviewing and recommending updates to the system. One disclosure regime examined in this paper was never updated to reflect the existence of the internet until 2007, because no-one was responsible for monitoring the regime and suggesting necessary updates. Finally, details concerning the ultimate source of donations should be provided.",Social and Environmental Accountability Journal
,,
SEC\xe2\x80\x99s 2010 Release on Climate Change: Shifting from Voluntary to Mandatory Climate Change Disclosure,"Although the United States Congress has not federally mandated climate change policies, the Securities and Exchange Commission (SEC) has instituted climate change disclosure policies. As part of this policy it requires that firms making certain voluntary climate change disclosures also provide them in their mandatory annual filings with the SEC. Using a sample of companies that participate in Regional Greenhouse Gas Initiative and are therefore major generators of carbon emissions we found that for these firms a small portion of them still provide voluntary climate change disclosures that are not included in their mandatory SEC annual filings. These disclosures are mainly concerned with their environmental reputation or with capital expenditures for climate change. Furthermore, we find that voluntary climate change disclosures after the February 2010 SEC release date significantly decreased whereas mandatory disclosure significantly increased, suggesting that the SEC release had a dampening effect on voluntary disclosures.",Social and Environmental Accountability Journal
,,
Whose Call to Answer: Institutional Complexity and Firms\xe2\x80\x99 CSR Reporting,,Social and Environmental Accountability Journal
,,
"Narrative Reporting and Crises: British Petroleum and Shell, 1950\xe2\x80\x931958",,Social and Environmental Accountability Journal
,,
Towards Environmental Management Accounting for Trade-Offs,,Social and Environmental Accountability Journal
,,
"Stakeholder Relationships, Engagement, and Sustainability Reporting",,Social and Environmental Accountability Journal
,,
Voluntary Disclosure of GHG Emissions: Contrasting the CDP with Corporate Reports,,Social and Environmental Accountability Journal
,,
Potential Users\xe2\x80\x99 Perceptions of General Purpose Water Accounting Reports,,Social and Environmental Accountability Journal
,,
Pioneers of Critical Accounting: A Celebration of the Life of Tony Lowe,,Social and Environmental Accountability Journal
,,
Editorial Board,,Social and Environmental Accountability Journal
,,
Exposing Students to Environmental Sustainability in Accounting: An Analysis of Its Impacts in a US Setting,"In this study, we examine whether the introduction of two different forms of an environmental sustainability intervention into differing sections of an introductory-level managerial accounting course at a US university induces changes in students\xe2\x80\x99 environmental intentions and behaviors. Based on attributes from Ajzen\xe2\x80\x99s [1991. \xe2\x80\x9cThe Theory of Planned Behavior.\xe2\x80\x9d <i>Organizational Behavior and Human Decision Processes</i> 50: 179\xe2\x80\x93211; 2002. \xe2\x80\x9cPerceived Behavioral Control, Self-efficacy, Locus of Control, and the Theory of Planned Behavior.\xe2\x80\x9d <i>Journal of Applied Social Psychology</i> 32 (4): 665\xe2\x80\x93683] theory of planned behaviour, results show that, in comparison to a control group with no intervention, students exhibited higher levels of attitude, perceived behavioural control, intentions, and behaviour following the interventions. However, the positive results were limited to students undergoing an experiential learning assignment beyond the basic reading, lecture, and discussion intervention. The findings provide some support for claims that bringing sustainability issues into the accounting curriculum can lead to positive student outcomes. But, given the increased efforts necessary to find and use experiential projects, they also suggest that inducing accounting faculty, at least in the US, to pursue such pedagogical approaches will require that more be done by those organisations calling for such efforts in terms of support, materials, and reward structures.",Social and Environmental Accountability Journal
,,
The Evolution of Corporate Social Responsibility Assurance \xe2\x80\x93 A Longitudinal Study,"Companies today are realising that they no longer only account to their shareholders for their financial performance, but to their broader stakeholders for the non-financial impact of their operations on society, the environment and the economy as well. The provision of independent assurance on these corporate social responsibility (CSR) disclosures is a relatively new mechanism that has been introduced to provide stakeholders with confidence about the veracity of the underlying CSR disclosures. Recent studies have found that the provision of independent CSR assurance has increased around the world. This longitudinal study covering the eight-year period from 2007 to 2014, undertaken in a South African context, examined the extent to which the largest companies listed on the Johannesburg Stock Exchange (JSE), have had their CSR disclosures independently assured. As such, this is one of the first studies to examine the emerging CSR assurance phenomenon over a protracted period. Although the extent to which companies have provided independent assurance over their CSR disclosures has steadily grown, the study also revealed that the majority still did not. Although the pool of CSR assurance providers has widened to become more inclusive, contrary to the expectation that the dominance of the Big 4 audit firms would gradually be eroded, the study found that the Big 4 audit firms were actually consolidating their position in this area.",Social and Environmental Accountability Journal
,,
Statement of Social Performance: Opportunities and Barriers to Adoption,"Previous examination of social reporting has noted the diversity and detail within reporting approaches of both third sector and private sector organisations. In an attempt to address the limitations of individual social reporting approaches and promote a more succinct and comparable reporting framework, a Statement of Social Performance was developed [Luke, B.\xc2\xa0(2016). \xe2\x80\x9cMeasuring and Reporting on Social Performance: From Numbers and Narratives to a Useful Reporting Framework for Social Enterprise.\xe2\x80\x9d <i>Social and Environmental Accountability Journal</i> 36 (2): 103\xe2\x80\x93123]. This paper examines the potential for adoption of this Statement, through interviews with managers of a not-for-profit organisation, social enterprise, and private sector for-profit organisation. Current social reporting approaches are explored, together with opportunities and barriers to adoption of the proposed Statement. Findings highlight the complexity of applying a single social reporting framework across sectors (particularly for private sector for-profit organisations), as well as the reluctance towards comprehensive reporting until positive results are achieved for \xe2\x80\x98survival\xe2\x80\x99 stage third sector organisations.",Social and Environmental Accountability Journal
,,
Global Climate Change Responsiveness in the USA: An Estimation of Population Coverage and Implications for Environmental Accountants,"The primary responsibility for global climate change responsiveness is usually attributed to nation states. This is reflected in the United Nations\xe2\x80\x99 processes aimed at enrolling governments in mitigation and adaptation programmes. Such an approach begs the question of how global climate change (GCC) responsiveness might proceed if a national government is hostile to the issue, as appears likely to be the case in the USA. This paper addresses this concern by documenting the percentage of the population of the USA who are \xe2\x80\x98covered\xe2\x80\x99 by at least one of six examples of GCC responsiveness at sub-federal \xe2\x80\x93 state and municipality \xe2\x80\x93 levels. Of the population of the USA, 25.8% lives in states where all of the state-level initiatives surveyed are in effect, whereas only 4.4% are not covered by any of the six. This coverage has increased as compared to earlier surveys (Lutsey, N., and D. Sperling. 2008. \xe2\x80\x9cAmerica\xe2\x80\x99s Bottom-Up Climate Change Mitigation Policy.\xe2\x80\x9d <i>Energy Policy</i> 36: 673\xe2\x80\x93685. doi:10.1016/j.enpol.2007.10.018). This finding suggests that there is more practical hope for GCC responsiveness than might be commonly appreciated and this also has ramifications for research in accounting.",Social and Environmental Accountability Journal
,,
The MultiCapital Scorecard: Re-thinking Organizational Performance,,Social and Environmental Accountability Journal
,,
Understanding and Contributing to the Enigma of Corporate Social Responsibility (CSR) Assurance in the United States,,Social and Environmental Accountability Journal
,,
Sustainable Universities \xe2\x80\x93 A Study of Critical Success Factors for Participatory Approaches,,Social and Environmental Accountability Journal
,,
Differences in Auditor\xe2\x80\x99s Materiality Assessments When Auditing Financial Statements and Sustainability Reports,,Social and Environmental Accountability Journal
,,
Strategic Cost Management and Performance: The Case of Environmental Costs,,Social and Environmental Accountability Journal
,,
Strategies of Legitimacy Through Social Media: The Networked Strategy,,Social and Environmental Accountability Journal
,,
"Social Enterprise, Accountability and Social Accounting",,Social and Environmental Accountability Journal
,,
What\xe2\x80\x99s So Social About Social Return on Investment? A Critique of Quantitative Social Accounting Approaches Drawing on Experiences of International Microfinance,"Quantitative approaches figure prominently in social accounting and auditing. This is because of the preference among many investors for simple and ostensibly robust and comparative metrics. Social return on investment (SROI), which produces a monetised value for social impact generated per unit of currency invested, has emerged as one of the dominant tools to generate such metrics. This article discusses the merits of this increasing orientation towards quantitative metrics in social accounting using SROI as an exemplar and drawing on an extensive review of social impact evaluations in microfinance. The microfinance sector represents an interesting and relevant case for social accounting because it has been strongly orientated towards quantitative and experimental methods to evaluate its non-financial performance. The article concludes that, despite using sophisticated methods, the microfinance sector struggles to credibly determine its impact on customers. Self- and microfinance institution selection biases cast doubts on the merits of using national benchmark indicators or control groups. Consequently, it is argued that SROI is better viewed as a means of claiming symbolic legitimacy (as per [Luke, Belinda, Jo Barraket, and Robyn Eversole. 2013. \xe2\x80\x9cMeasurement as Legitimacy Versus Legitimacy of Measures: Performance Evaluation of Social Enterprise.\xe2\x80\x9d <i>Qualitative Research in Accounting &amp; Management</i> 10 (3/4): 234\xe2\x80\x93258. doi:10.1108/QRAM-08-2012-0034]) than as a robust method for evidencing social impact or a tool for managers and investors.",Social and Environmental Accountability Journal
,,
Sense-making Accountability: Netnographic Study of an Online Public Perspective,"Accountability has been proposed and interpreted in multiple ways by scholars. However, the understanding of accountability from a public perspective, especially in the form of an enterprise offering public services, is not well understood. This study tries to shed light on accountability through a political crisis: the cancellation of power plants by the ruling political party in Ontario, Canada just prior to a provincial election. This study aims to extend our understanding of the multidimensional nature of accountability by gathering insights from the online public community. A netnographic approach was conducted on five social media sites. Six articles from these sites disseminating the crisis were selected and a total of 1313 associated comments were subjected to content analysis. We found the facets of accountability as perceived by the public somewhat differently from the perceptions of organisations. Multidimensional facets of sense-making accountability are identified, including the assigned meanings from the public (holders), the role of stakeholders (holders and holdees), the nature of public responses (emotional and reasoned responses) to a crisis and possible consequences (recommended actions) as suggested from the public. The recommended actions will ultimately help with the process of fostering accountability, and encouraging a new cycle of accountability development.",Social and Environmental Accountability Journal
,,
"Cattle, Land, People, and Accountability Systems: The Makings of a Values-based Organisation","An in-depth case study of a natural beef cooperative describes a management information and accountability system (MIAS) that emerged from, and facilitates the nurturing of, a values-based organisation\xe2\x80\x99s core values. Sustaining the family ranching culture and community represents the core value upon which the values-based agricultural coop is founded. Responsible people, land and animal management are central elements in sustainable ranching operations. The MIAS is designed to support the social and environmental objectives as well as to maintain the economic viability of the ranchers that make up this social enterprise. The MIAS is the key to linking organisational core values, both intrinsic and extrinsic, through its products, to its customers. Unique product attributes are acquired through the application of appropriate production process, maintained throughout the supply chain, and their presence certified to the end customer. The MIAS is designed to motivate and reward achieving these values-based characteristics and processes. The case study provides a unique example of a MIAS that is grounded in, and constructed to specifically address, the core values-based objective and, in doing so, to facilitate economic sustainability.",Social and Environmental Accountability Journal
,,
Contemporary Challenges Facing Social Enterprises and Community Organisations Seeking to Understand Their Social Value,"Both authors of this article have been involved with the Social Audit Network since it was incorporated in 2003. They have actively practised social accounting and audit (SAA) with a wide range of organisations across the UK and internationally. Much of the authors\xe2\x80\x99 work has been in helping organisations apply social accounting and audit. This article will consider the wider issues of <i>understanding social value</i> involving reflections on the experience gained over the years and will then tackle some of the of the emerging <i>challenges</i>. In conclusion, the authors look to the future and the common understanding of the social and community value generated by <i>social enterprises</i> and <i>community organisations</i>.",Social and Environmental Accountability Journal
,,
Moving on from Scaling Up: Further Progress in Developing Social Impact Measurement in the Third Sector,"In 2011, we published an article in <i>SEAJ</i> [Gibbon, J., and C. Dey. 2011. \xe2\x80\x9cDevelopments in Social Impact Measurement in the Third Sector: Scaling Up or Dumbing Down?\xe2\x80\x9d <i>Social and Environmental Accountability Journal</i> 31 (1): 63\xe2\x80\x9372] that explored various issues surrounding the measurement of social impact in Third Sector Organisations. In the little over five years since it was published, we have been surprised to discover that our article has emerged as one of <i>SEAJ</i>\xe2\x80\x99s most cited (and downloaded) publications. This prompted us to take a closer look at where our paper was being cited and obtain further insight as to why and how the paper has been used across a variety of fields, within both theoretical and empirical studies, by both academics and practitioners. Relevant to both researchers and practitioners, our review provides a useful snapshot that brings together a broad literature to explore how and where social impact measurement for social enterprise and values-based organisations is developing.",Social and Environmental Accountability Journal
,,
After Greenwashing: Symbolic Corporate Environmentalism and Society,,Social and Environmental Accountability Journal
,,
The Political Dynamics of Sustainable Coffee: Contested Value Regimes and the Transformation of Sustainability,,Social and Environmental Accountability Journal
,,
Being business-like While Pursuing a Social Mission: Acknowledging the Inherent Tensions in US Non-profit Organizing,,Social and Environmental Accountability Journal
,,
"Managing Biodiversity Through Stakeholder Involvement: Why, Who and for What Initiatives?",,Social and Environmental Accountability Journal
,,
The Sustainability Balanced Scorecard: A Systematic Review of Architectures,,Social and Environmental Accountability Journal
,,
The Association between Sustainability Governance Characteristics and the Assurance of Corporate Sustainability Reports,,Social and Environmental Accountability Journal
,,
Editorial,,Social and Environmental Accountability Journal
,,
The Accounting and Accountability Practices of Fairtrade International (FLO),"This study examines the accounting and accountability practices of Fairtrade International (FLO), one of the largest Fair Trade umbrella organisations. Our aim is to explore whether new forms of accounting and related disclosures emerge in the reporting practices of FLO and how these reflect their self-declared social mission towards the emancipation and sustainability of producers. Using thematic analysis and reflecting on Bourdieu\xe2\x80\x99s theory of symbolic power, we analyse FLO\xe2\x80\x99s reporting practices from 2006 to 2013. Our findings reveal that FLO mobilises the taken-for-granted images and symbols of \xe2\x80\x98fairness\xe2\x80\x99 in the Fair Trade system by using descriptive statistics of Fairtrade premium distributions and pictures of producers, but keeps silent to current concerns surrounding the limitations of Fair Trade. Such findings extend important insights into how new forms of accounting and related disclosure are used to legitimise the practice of Fair Trade.",Social and Environmental Accountability Journal
,,
Crisis Narratives and the Abandonment of CSR during the Financial Crisis: Notes from Systems Integrated,"Studies of environmental accounting systems within organisations have highlighted significant benefits to the commercial organisation arising upon adoption, insisting that economic and commercial benefits, whilst sometimes being unexpected, are an important driver in adopting such systems. But studies rarely elucidate instances where these apparent benefits are lost. This paper presents the case of Systems Integrated (SI), and provides an analysis of SI\xe2\x80\x99s environmental accounting and reporting systems during the financial crisis in order to elaborate one such case of the abandonment of environmental accounting systems. The case demonstrates that the dogged pursuit of an organisational value creation strategy led to environmental accounting practices being perceived as both a means of reporting social and environmental performance and as a source of potential value creation. However, by the financial crisis, a purely value creation rationale pervaded leading to the eventual abandonment of SI\xe2\x80\x99s environmental accounting system.",Social and Environmental Accountability Journal
,,
\xe2\x80\x98What if Technology Worked in Harmony with Nature?\xe2\x80\x99 Imagining Climate Change Through Prius Advertisements,,Social and Environmental Accountability Journal
,,
Enhancing Stakeholder Interaction Through Environmental Risk Accounts,,Social and Environmental Accountability Journal
,,
Sustainable Development and Industry Self-regulation: Developments in the Global Mining Sector,,Social and Environmental Accountability Journal
,,
Royal Dutch Shell in Nigeria: Where do Responsibilities End?,,Social and Environmental Accountability Journal
,,
The Co-Construction of NGO Accountability. Aligning Imposed and Felt Accountability in NGO-Funder Accountability Relationships,,Social and Environmental Accountability Journal
,,
"The utopia of rules. On technology, stupidity, and the secret joys of bureaucracy",,Social and Environmental Accountability Journal
,,
Editorial Board,,Social and Environmental Accountability Journal
,,
Measuring and Reporting on Social Performance: From Numbers and Narratives to a Useful Reporting Framework for Social Enterprises,"This paper examines the need for a framework for social enterprises to measure and report on social performance. Reviewing social reporting practice, and concepts central to financial reporting, this paper presents a framework for social performance reporting in the context of social enterprises. A Statement of Social Performance and is developed, through consideration of social reporting approaches, influences, and issues in third sector and private sector organisations. This Statement is applied in the context of an employment and training social enterprise, demonstrating its application in practice.",Social and Environmental Accountability Journal
,,
The Joint Influence of Evaluation Mode and Benchmark Signal on Environmental Accounting-Relevant Decisions,"The assessment of environmental alternatives occurs in one of two evaluation modes: joint (JE) or separate (SE) evaluation. This study explores the combined influence of evaluation mode and the attractiveness of environmental alternatives on decisions based on non-financial environmental accounting information. General Evaluability Theory [GET; Hsee, C. K., and J. A. Zhang. 2010. \xe2\x80\x9cGeneral Evaluability Theory.\xe2\x80\x9d <i>Perspectives on Psychological Science</i> 5: 343\xe2\x80\x93355] predicts greater decision dependence on benchmark performance signals received in SE than JE mode. However, GET is silent on the influence of the alternatives\xe2\x80\x99 attractiveness on evaluations, e.g. when available environmental alternatives all perform either superior or inferior to a benchmark case. To address this condition, we propose supplementing GET with the \xe2\x80\x98negativity bias\xe2\x80\x99, which predicts that negative signals (e.g. worse than benchmark values) receive more decision weight compared to positive signals (e.g. better than benchmark values) [Rozin, P., and E. B. Royzman. 2001. \xe2\x80\x9cNegativity Bias, Negativity Dominance, and Contagion.\xe2\x80\x9d <i>Personality and Social Psychology Review</i> 5 (4): 296\xe2\x80\x93320]. Accordingly, this study\'s experiment (<i>n</i>\xe2\x80\x89=\xe2\x80\x8977) manipulated evaluation mode (between-participants; JE/SE) and the alternatives\xe2\x80\x99 performances relative to a benchmark (within-participants; available alternatives all better, or worse, than benchmark). Participants made investment allocations (as a proxy for performance ratings) to available factories based on factory environmental accounting performance. Participants invested less (more) in factories when factory performance was inferior (superior) to benchmarks. However, consistent with a combined GET and negativity bias prediction, this difference was more (less) pronounced in SE (JE) mode. Overall, results suggest that joining GET with a negativity bias accurately captures the joint influences of evaluation mode and benchmark signals on decisions based upon environmental accounting information. Further, decision-makers seem to adopt an asymmetric decision heuristic in evaluating environmental accounting information. Specifically, they avoid increasing decision weight on bad environmental performance information in JE compared to SE mode, but decision weights are indifferent across evaluation mode for good environmental performance information.",Social and Environmental Accountability Journal
,,
Reading for Displeasure: Why Bother with Social Accounting at All?,"This short paper comprises a review of six disparate texts: none of which is specifically about accounting or social accounting. There are three principal motivations for doing this. First, the essay celebrates the delight in reading widely and variously and how such reading can constantly challenge \xe2\x80\x93 and refresh \xe2\x80\x93 our understandings of ourselves as social accounting academics. Second, the paper sets out to explore whether a coherent narrative might be woven from such a range of disparate texts. In doing so, I find I am forced to reflect upon the limits and depths of my assumptions and implicit understandings. Finally, the essay is written \xe2\x80\x93 to a degree at least - with new scholars in mind. One of the hardest tasks for such neophytes is systematically engaging with literature and learning to read widely and critically. This paper suggests that it probably matters less what you read than how you read \xe2\x80\xa6 and the self-reflection and auto-critique that the reading encourages.",Social and Environmental Accountability Journal
,,
(Re)presenting \xe2\x80\x98Sustainable Organizations\xe2\x80\x99,,Social and Environmental Accountability Journal
,,
Rhetoric and Argument in Social and Environmental Reporting: The Dirty Laundry Case,,Social and Environmental Accountability Journal
,,
Developing a Reporting and Evaluation Framework for Biodiversity,,Social and Environmental Accountability Journal
,,
Accounting and Sustainable Development: An Exploration,,Social and Environmental Accountability Journal
,,
Tools of Legitimacy: The Case of the Petrobras Corporate Blog,,Social and Environmental Accountability Journal
,,
EU Regulation of Corporate Social and Environmental Reporting,,Social and Environmental Accountability Journal
,,
Mandatory Disclosure about Environmental and Employee Matters in the Reports of Italian-Listed Corporate Groups,"This paper analyses the impact of Italian Legislative Decree 32/2007 \xe2\x80\x93 following the 2003/51 European Directive \xe2\x80\x93 and the disclosure of environmental and employee matters in terms of overall volume, completeness of information, presence of bad/good news and target-oriented information. Content analysis has been applied to all Italian corporate groups that made public both the consolidated annual report and the stand-alone social and environmental report in 2005 and in 2010, for a total of 96 reports. The results show that despite the overall increase in sentences devoted to environmental and employee matters, the completeness of the information has not substantially improved, indicating that the 2007 regulation has been ineffective. The Italian experience could provide useful insights for European regulators. Such insights may inform policy recommendations to design a mandated social and environmental accountability process with the potential of providing information to societal stakeholders while facilitating accountability.",Social and Environmental Accountability Journal
,,
Environmental Reporting Regulations and Reporting Practices,"This study explores how four different types of environmental reporting regulations affect reporting practices. Accounting Act requirements, accounting standard requirements, accounting standard recommendations, and no regulation/voluntary disclosure are associated with different levels of reporting obligations. Disclosures made by enterprises subject to regulations are compared with those of enterprises that are not. There are separate regression models for each type of regulation. The sample consists of 235 enterprises from the private and public sectors. Content analysis is used to measure environmental disclosure. Enterprises subject to regulations report significantly more types of the information content required by law than other enterprises, which is in line with the higher regulatory legitimacy risk. There is no such difference in disclosure between the two groups of enterprises for the information required and recommended by the accounting standard. This may suggest that pragmatic, cognitive, and moral legitimacy issues outweigh the regulatory legitimacy risk for these types of information, or that legitimacy risks are generally low. Enforcement of regulations will increase the regulatory risk. For information that is voluntary for all enterprises to disclose, enterprises that are not subject to any regulations report significantly more types of information than those that are. This result is not in line with predictions made from any of the four types of legitimacy. Some alternative explanations are discussed. Since regulatory regimes may include several types of means, the main contribution is the comparison of four types of regulations within the same regime, as opposed to analysing only one type of regulation at a time such as in the extant literature. The study also explores different types of legitimacy, and addresses the lack of research on environmental reporting in the public sector.",Social and Environmental Accountability Journal
,,
Reporting Models do not Translate Well: Failing to Regulate CSR Reporting in Spain,"This paper explores the regulation of corporate social responsibility (CSR) reporting for corporations exceeding 1000 employees introduced in Spain by the Sustainable Economy Law 2/2011 of 4 March. The relevance for this special issue stems from the fact that this law anticipates possible outcomes of the 2014/95/EU Directive to the Spanish context. Furthermore, the Spanish Law has been cited by the EU as a precedent for the Directive. This paper adopts a multi-method approach, based on content analysis and qualitative interviews to portray the state and evolution of such CSR reporting regulation. The results of the content analysis suggest that the regulation did not have any impact in terms of the number of reporters, but it is associated with a slight improvement in the reporting quality of the published reports. Those findings are consistent with the argument made in previous literature indicating that governmental regulation of CSR reporting alone does not guarantee better disclosure levels and that structural elements are necessary to accompany changes in the law. With the help of qualitative interviews with relevant actors, the paper has examined three elements that seem to explain the limited effect of this regulation: (i) competing views about CSR and CSR regulation; (ii) CSR reporting patterns; and (iii) how power was mobilised to suppress the potential of CSR reporting regulation.",Social and Environmental Accountability Journal
,,
The \xe2\x80\x98Coalition of the Unlikely\xe2\x80\x99 Driving the EU Regulatory Process of Non-Financial Reporting,"The article investigates the driving forces that have been shaping the regulatory process of the EU directive on non-financial reporting (NFR). Drawing on a three-year empirical study, it argues that the latter was driven by a \xe2\x80\x98coalition of the unlikely\xe2\x80\x99, led by a growing section of investors, together with a network of non-governmental organizations and parts of European trade unions. Rather than a formal alliance, we are witnessing the emergence of an objective convergence of interests amongst the three groups of actors, aimed at limiting managers\xe2\x80\x99 power and obtaining more corporate transparency and accountability. Deploying a political economy explanatory framework, the paper originally contributes to the existing literature on EU Corporate Social Responsibility policy, focused on the cleavage between business and civil society. The role of EU regulators (the \xe2\x80\x98Barnier-effect\xe2\x80\x99) in supporting mandatory NFR and the impact of the financial crisis, seen as catalysts for changes, are also taken into account. The paper concludes discussing some implications for policy-makers and research.",Social and Environmental Accountability Journal
,,
A Reply to Corporate Social Responsibility and Tax Aggressiveness: A Test of Legitimacy Theory,,Social and Environmental Accountability Journal
,,
"Environmental, Social and Governance Reporting in China",,Social and Environmental Accountability Journal
,,
Responsible Tax as Corporate Social Responsibility: The Case of Multinational Enterprises and Effective Tax in India,,Social and Environmental Accountability Journal
,,
A Genealogy of Accounting Materiality,,Social and Environmental Accountability Journal
,,
Just A Passing Fad?: The Diffusion and Decline of Environmental Reporting in the Finnish Water Sector,,Social and Environmental Accountability Journal
,,
"On The Government of the Living: Lectures at the Coll\xc3\xa8ge de France, 1979\xe2\x80\x931980",,Social and Environmental Accountability Journal
,,
Editorial,,Social and Environmental Accountability Journal
,,
Evolution of the New Zealand Voluntary Carbon Market: An Analysis of CarboNZero Client Disclosures,"Climate change has the potential to dramatically change the world as we know, both in terms of the environment and the way in which societies operate. Public policy responses to climate change continue to evolve, with many western economies proposing mechanisms for emission reductions, for example, through a tax on carbon or emissions trading schemes. In the absence of finalised regulation, organisations choosing to offset their carbon emissions are engaging in the voluntary carbon market (VCM). Through an empirical description and analysis of organisations comprising the VCM field in New Zealand, this paper provides evidence of the evolution of the carbon market as well as the level of success of CarboNZero\'s certification programmes (CarboNZero<sup>Cert</sup> and CEMARS<sup>Cert</sup>) in reducing organisational emissions. Examination of disclosure documents of clients of CarboNZero indicates that the growth of VCM in New Zealand is slowing down. Furthermore, CarboNZero\'s programmes were found to be only modestly effective. This research thus finds that incorporation of carbon accounting is not necessarily evidence of organisational action or improvement on climate change abatement.",Social and Environmental Accountability Journal
,,
Demand for CSR: Insights from Shareholder Proposals,"Motivated by the increasing popularity and attention shareholder proposals on corporate social responsibility (CSR) attract, the purpose of this study is to provide a detailed portrayal of shareholders\' demands for CSR through their proposals. To this end, we conduct a descriptive longitudinal study of the CSR proposals submitted to US corporations for the fiscal years 1996\xe2\x80\x932009. We use a unique coding process in which we identify both the CSR area of concern to the shareholders and the desired effect the proposal is intended to stimulate on the corporation. Our findings expose how shareholders engage with corporations mostly around the issues of governance and environment, requesting more transparency from the companies but also improved actions or business decisions. Firms from a wide range of industries are targeted, with their levels of CSR performance, profitability and size attracting different kinds of requests in terms of CSR areas and expected outcomes for the corporation. Shareholders can be relatively intense in their requests for CSR, with the majority of firms in our sample being targeted with more than one proposal annually. Our study deepens our understanding of shareholders\' concerns and requests for improvements in CSR.",Social and Environmental Accountability Journal
,,
A New Era \xe2\x80\x93 Extending Environmental Impact to a Broader Sustainability Agenda: The Case of Commercial Group,,Social and Environmental Accountability Journal
,,
(Re)presenting Sustainable Organizations,,Social and Environmental Accountability Journal
,,
Water Management Accounting and the Wine Supply Chain: Empirical Evidence from Australia,,Social and Environmental Accountability Journal
,,
Incorporating Citizens: Corporate Political Engagement with Climate Change in Australia,,Social and Environmental Accountability Journal
,,
"W(h)ither Ecology? The Triple Bottom Line, The Global Reporting Initiative, and Corporate Sustainability Reporting",,Social and Environmental Accountability Journal
,,
Corporate Social Responsibility and Tax Aggressiveness: A Test of Legitimacy Theory,,Social and Environmental Accountability Journal
,,
An Exploration of NGO and Media Efforts to Influence Workplace Practices and Associated Accountability Within Global Supply Chains,,Social and Environmental Accountability Journal
,,
Can Green Sustain Growth? From the Religion to the Reality of Sustainable Prosperity,,Social and Environmental Accountability Journal
,,
Six Capitals \xe2\x80\x93 The Revolution Capitalism Has to Have \xe2\x80\x93 Or Can Accountants Save the Planet?,,Social and Environmental Accountability Journal
,,
Centre for Social and Environmental Accounting Research (CSEAR): Structure and Governance,,Social and Environmental Accountability Journal
,,
Editorial Board,,Social and Environmental Accountability Journal
,,
Economic Democracy: Exploring Ramifications for Social and Environmental Accountants,,Social and Environmental Accountability Journal
,,
Employee Voice through Open-Book Accounting: The Benefits of Informational Transparency,"This paper explores the concept of open-book accounting. It illustrates the benefits of open-book reporting policies in terms of their potential ability to correct informational asymmetries, and it sets out some ideas for a future research agenda centred around the concept. The discussion is grounded in large part in the experiences of employee-owned businesses (EOBs) because such organisations are at the forefront of informational transparency innovations in social accounting. But the broader principle of sharing organisational information with employees and training them to process financial and strategic information is applicable to any organisation. It is argued that open-book accounting, especially in the context of EOBs, provides an exciting alternative to mainstream accounting and financial controls and a welcome addition to the social accounting literature.",Social and Environmental Accountability Journal
,,
"Credit Unions as Cooperative Institutions: Distinctiveness, Performance and Prospects","Credit unions are not for profit cooperative financial institutions which provide financial services to a membership defined on the basis of a common bond. In 2013, there were 56,904 credit unions across 103 countries with 207.9 million members. There is a great diversity within the credit union movement across these countries. This reflects the various economic, historic and cultural contexts within which credit unions operate. This paper traces the historical development of credit unions in different parts of the world. We investigate what sets credit unions apart from other financial services organisations, placing a particular focus on the role they play in building social capital and community relations and empowering members. We also discuss the challenges to the future development of credit unions. These include increased regulatory burdens, capital constraints, declining membership involvement, and tensions between social and economic objectives.",Social and Environmental Accountability Journal
,,
Social Accounting for Inequality: Applying Piketty\'s,"This essay reviews the potential of Thomas Piketty\'s <i>Capital in the Twenty-First Century</i> (2014. Cambridge, MA: Harvard University Press) to inform social accounting research into economic inequality. Economic inequality is conceptually central to social accounting agendas, yet there has been surprisingly little accounting research in this area. Piketty\'s text can help build this research agenda by providing a systematic account of the growth and structure of economic inequality, especially since his analysis follows a similar underlying approach to influential texts in social and environmental accounting research. At the same time, the essay argues that social accountants can address limitations of Piketty\'s analysis, particularly by offering a more nuanced analysis of how economic inequality is embedded in corporate structures and practices. Thus, Piketty\'s text is not only a timely reminder of why the social distribution of economic resources matters, but also an invitation for social accountants to engage more fully in unfolding public debates about the future of resource distribution.",Social and Environmental Accountability Journal
,,
Drought Resettlement and Accounting,,Social and Environmental Accountability Journal
,,
Hybrid Accountabilities: When Western and Non-western Accountabilities Collide,,Social and Environmental Accountability Journal
,,
How Constructions of the Future Shape Organizational Responses: Climate Change and the Canadian Oil Sands,,Social and Environmental Accountability Journal
,,
Firm-Value Effects of Carbon Emissions and Carbon Disclosures,,Social and Environmental Accountability Journal
,,
Corporate Accountability and Human Rights Disclosures: A Case Study of Barrick Gold Mine in Tanzania,,Social and Environmental Accountability Journal
,,
"The International Integrated Reporting Council: A Story of Failure; \xe2\x80\x98But Does Sustainability need Capitalism or an Integrated Report\xe2\x80\x99 a Commentary on \xe2\x80\x98The International Integrated Reporting Council: A Story of Failure\xe2\x80\x99 by Flower, J.; The International Integrated Reporting Council: A Call to Action",,Social and Environmental Accountability Journal
,,
Disclosure on Climate Change: Analysing the UK ETS Effects,,Social and Environmental Accountability Journal
,,
Accounting for Suffering: Calculative Practices in the Field of Disaster Relief,,Social and Environmental Accountability Journal
,,
What Has Nature Ever Done for Us? How Money Really Does Grow on Trees; What Nature Does for Britain,,Social and Environmental Accountability Journal
,,
"Special issue: Social enterprise, accountability and social accounting",,Social and Environmental Accountability Journal
,,
Centre for Social and Environmental Accounting Research (CSEAR): Structure and Governance,,Social and Environmental Accountability Journal
,,
Volume and Tone of Environmental Disclosure: A Comparative Analysis of a Corporation and its Stakeholders,"In this paper, we seek to provide a description of disclosures arising from various stakeholder groups in the social sphere. As such, we extend Rodrigue\'s article \xe2\x80\x9cContrasting Realities: Corporate Environmental Disclosure and Stakeholder-Released Information\xe2\x80\x9d (2014. <i>Accounting, Auditing and Accountability Journal</i> 27 [1]: 119\xe2\x80\x93149) by conducting a case study to examine and compare corporate and stakeholder communications made over a three-year period. We specifically focus on the volume and tone of environmental disclosures. We explore the topics emphasised by each party in their respective disclosures and analyse their tone by categorising the information as positive, negative or neutral. Through a detailed quantitative analysis, we highlight the differences in how various actors portray the organisation and its activities. We argue that this is of relevance since neither corporate nor stakeholder disclosures are merely passive reflections of reality, but rather, they play a part in constructing, forming and legitimating particular discourses and constructions of worldviews within society. Our findings demonstrate how these disclosures differ with regard to the topics covered and the tone used; hence, the stakeholder disclosures we analysed present an alternative view of the organisation\'s activities. By systematically analysing and comparing different parties\xe2\x80\x99 disclosures, we contribute to the literature by extending our understanding of stakeholder information releases in the light of corporate disclosures.",Social and Environmental Accountability Journal
,,
Standalone Corporate Social Responsibility Reporting in China: An Exploratory Analysis of its Relation to Legitimation,"While the practice of standalone corporate social responsibility (CSR) reporting in China grew substantially over the mid-2000s, assessment of the disclosure included in the reports is quite limited. In an attempt to fill that void, we explore in this study whether differences in information provision through the standalone reports appear to be related to legitimacy factors. Based on a sample of 60 large companies with standalone reports issued for 2011\xe2\x80\x932012, we find that differences in the extent of social and environmental disclosure are positively related to firm size and membership in socially exposed industries, but negatively associated with status as a state-owned enterprise. In addition, we document that these relations appear to relate more strongly to disclosure of data and impact information as opposed to information on programmes and initiatives. Overall, our results suggest that CSR reporting in China, as in more developed Western economies, appears to be more about legitimation than meaningful disclosure of social and environmental performance.",Social and Environmental Accountability Journal
,,
Exploring Shadow Accountability: The Case of James Hardie and Asbestos,"Accountability brings to the fore a range of discourses that are said to provide an account. This paper takes the controversial issue of asbestos to explore silent and shadow accounting as a means of providing a more holistic accountability. The practice of silent and shadow accounting is built on a long tradition of counter narratives that expose deficiencies in corporate disclosure and provide shadow accountability for corporate activities. By drawing on these counter accounts from civil society and others, we initially develop a taxonomy of corporate disclosure gaps \xe2\x80\x93 praxis, reporting, truth and potential. Using the Silent and Shadow Reports of James Hardie Industries SE, the former dominant manufacturer of asbestos products in Australia, we provide empirical evidence to support an understanding of these disclosure gaps. The shadow metaphor is then invoked to understand the multidimensional concept of shadow accountability.",Social and Environmental Accountability Journal
,,
Entitlements and Time: Integrated Reporting\'s Double-edged Agenda,"This paper argues that the Integrated Reporting (IR) framework developed by the International Integrated Reporting Council (IIRC) is double-edged from a critical sustainability perspective. The paper is based on qualitative content analysis of public documents from four leading non-financial reporting organisations: the IIRC, the Accounting for Sustainability Project, the Global Reporting Initiative and the King Committee on Corporate Governance in South Africa. This analysis shows that IR moves away from three key tenets of prior social and environmental reporting frameworks by privileging: (i) communication over holding organisations accountable, (ii) organisational over social sustainability and (iii) the entitlements of providers of financial capital over other stakeholders. Yet, IR is also a practical attempt to shift financial capital from a short-term to long-term investment horizon. As critical social and accounting theorists have argued, extensive short-term investment is a threat to environmental and social sustainability. Hence, IR has the potential to progress sustainability goals <i>if</i> it forms part of a broader re-organisation of capital markets to reward longer term perspectives.",Social and Environmental Accountability Journal
,,
Changes to the,,Social and Environmental Accountability Journal
,,
Governmentality in Accounting and Accountability. A Case Study of Embedding Sustainability in a Supply Chain,,Social and Environmental Accountability Journal
,,
Legitimizing Negative Aspects in GRI-Oriented Sustainability Reporting: A Qualitative Analysis of Corporate Disclosure Strategies,,
,,
Environmental Management Control Systems: The Role of Contextual and Strategic Factors,,Social and Environmental Accountability Journal
,,
Accounting and Networks of Corruption,,Social and Environmental Accountability Journal
,,
Evaluating Social and Environmental Issues by Integrating the Legitimacy Gap with Expectational Gaps: An Empirical Assessment of the Forest Industry,,Social and Environmental Accountability Journal
,,
Exploring Accounting-Sustainability Hybridisation in the UK Public Sector,,Social and Environmental Accountability Journal
,,
Much Ado about Nothing? How Banks Respond to Climate Change,,Social and Environmental Accountability Journal
,,
Accounting for Biodiversity,,Social and Environmental Accountability Journal
,,
This Changes Everything: Capitalism vs. the Climate,,Social and Environmental Accountability Journal
,,
Centre for Social and Environmental Accounting Research (CSEAR): Structure and Governance,,Social and Environmental Accountability Journal