Title,Abstract,Journal
,,
The Case of Brazil\\u2019s Municipal Solid Waste Management: Residents\\u2019 Perceptions,"        <div class=""overview""> <h4>Abstract</h4><p>The disposal and treatment of solid waste have been global concerns, especially regarding urban areas. Many people debate the balance between economic development and environment protection. Sustainability is always an issue which attracts attention from not only researchers but also from governmental organizations and the public, either in developed or developing countries. How do the public in developing countries perceive sustainability? Taking the city of Porto Velho in Brazil as an example, this article analyzes the perception of local residents on the management of municipal solid waste to inform governmental decision-making on sustainable practice. Using a sustainability indicator matrix, this study investigates local people\xe2\x80\x99s perceptions of sustainability issues regarding municipal management of solid waste. It identifies key issues including residents\xe2\x80\x99 awareness of sustainability and their attitudes toward municipal solid waste management. Local residents are generally aware of the importance of solid waste management and know about selective waste collection and recycling in general. The findings suggest that, although they are not satisfied with current policies and waste management practices in this regard, local residents want to contribute positively to a sustainable waste management system and that a collaboration between stakeholders, including residents, industries, governments, and researchers is required to remedy current problems such as lack of information and failures in policy implementation in municipal solid waste management.",The International Journal of Environmental Sustainability
,,
Conscious Hydrocide of Urban Waters- A Solution through Ethics and Economics of Sustenance,"        <div class=""overview""> <h4>Abstract</h4><p>Water is a finite renewable resource. Almost three percent of the earth is made up of fresh water of which only one percent is fit for human consumption. This one percent is being used for a large number of purposes in the various continents of the world. People tend to consider water to be a ubiquitous and abundant resource, and hence begin to waste the gradually reducing resource. This conscious \xe2\x80\x9ckilling\xe2\x80\x9d of water resource is termed as \xe2\x80\x9chydrocide.\xe2\x80\x9d To understand this, a study was conducted in the township of Salt Lake City in Kolkata, India, to evaluate the degree of ethical usage of water and to suggest measures for its sustainable management. The main objective of this study is to use moral codes to encourage people to prevent the mindless extraction of the groundwater in Salt Lake City just to suffice the people\xe2\x80\x99s demand for daily requirement of water. To come to a suitable conclusion, questionnaire surveys as primary data have been obtained. Since people are being supplied by surface water as well as groundwater in this satellite township, the regularity and quantity of water supply are completely disregarded by both the suppliers as well as the consumers. So to achieve a sustainable water supply and to prevent the deterioration of the existing aquifers the ethics of the people have been studied after which a possible ethical approach has been devised. In this paper, an attempt has been made wherein consumers become the stakeholders in managing this gradually diminishing resource. This approach can minimize the consumer side wastage, for the purpose of better allocation to every individual living here so as to establish the ability to adapt to an ethical approach in the planned township of Salt Lake City.",The International Journal of Environmental Sustainability
,,
One Size Fits None: Tailoring Messages to Communicate Environmental Threats,,The International Journal of Environmental Sustainability
,,
One Size Fits None: Tailoring Messages to Communicate Environmental Threats,"        <div class=""overview""> <h4>Abstract</h4><p>This research aimed to understand peoples\xe2\x80\x99 perceptions of environmental threats to inform threat message construction and branch away from the previous \xe2\x80\x9cone size fits all\xe2\x80\x9d approach to environmental campaigns. The study used a health decision making model (Extended Parallel Process Model) to cluster individuals based on common cognitive characteristics. The research focused on the context of water security in the drought declared region of Townsville, North Queensland (Australia), where water use was monitored and restricted. A sample of 363 participants was recruited from this region. Participants completed an online survey which asked questions relating to water usage behaviours, perceptions relating to how the water restrictions were communicated, as well as the concerns regarding water security at the time and in the future. Three cluster groups were constructed based on EPPM variables (perceived self-efficacy, perceived response-efficacy, and perceived threat). Each group was significantly different in terms of levels of water-saving behaviour. This research informs a more targeted approach to the communication of environmental threats, such a drought, with the aim of increasing the sustainability of the natural resource.",The International Journal of Environmental Sustainability
,,
Toward Transnational Ecocriticism in  Southeast Asia: A Reading of  Outhine Bounyavong\\u2019s \\u201cFrangipani\\u201d,,The International Journal of Environmental Sustainability
,,
Toward Transnational Ecocriticism in  Southeast Asia: A Reading of  Outhine Bounyavong\\u2019s \\u201cFrangipani\\u201d,,The International Journal of Environmental Sustainability
,,
Toward Transnational Ecocriticism in  Southeast Asia: A Reading of  Outhine Bounyavong\\u2019s \\u201cFrangipani\\u201d,"        <div class=""overview""> <h4>Abstract</h4><p>This article addresses the lack of emphasis on Southeast Asia in English-language-based ecocritical (environmental literary) scholarship to date. Notwithstanding the rich biocultural traditions of Southeast Asian literature, few ecocritical studies of the region have been published in English. For ecocriticism to become further established in Southeast Asia, scholars within the region should consider the practical potential of ecocriticism to benefit local communities. In embracing possibilities for social activism and community engagement\xe2\x80\x94as well as a transnational and transboundary outlook\xe2\x80\x94ecocriticism will achieve greater relevance to human and nonhuman communities in Southeast Asia and elsewhere. Given the extraordinary pressures on environments throughout Asia, and particularly in the Southeast region, the need for community-based activist ecocritical scholarship is urgent. In support of these assertions, the article will conclude with a detailed ecocritical reading of the short story \xe2\x80\x9cFrangipani\xe2\x80\x9d by contemporary Lao author Outhine Bounyavong (1942\xe2\x80\x932000).",The International Journal of Environmental Sustainability
,,
Corporate Social Initiatives of Top Oil Players in the Philippines,"        <div class=""overview""> <h4>Abstract</h4><p>Corporate social initiatives become crucial to every firm whose business has direct impact on the environment.  This study has been undertaken to examine the corporate social responsibility activities of top oil players in the Philippines, namely Pilipinas Shell Petroleum Corporation, Chevron Philippines, Inc., Petron Corporation, Seaoil Philippines, Inc., Unioil Petroleum Philippines, Inc. and Petronas Energy Philippines, Inc. The CSR reports of these oil companies were validated and analyzed based on the Pradhan model of Corporate Social Initiatives consisting of social development, social upliftment, environment and culture, health and safety, and community welfare. The results have shown that there has been increasing development of corporate social responsibility actions by the top oil players in the Philippine, aligning their resources with the needs of their respective stakeholders. The oil players in the Philippines are also mindful of the societal and environmental problems that the country has been currently experiencing, which are highlighted in their corporate social responsibility programs, such as sustainability projects, education, and community service. Meaningful corporate social initiatives must contribute to improve the quality of life of the community and the company\xe2\x80\x99s economic condition.  ",The International Journal of Environmental Sustainability
,,
Sustainability Analysis of Waste to Energy Strategies for Municipal Solid Waste Treatment,,The International Journal of Environmental Sustainability
,,
Sustainability Analysis of Waste to Energy Strategies for Municipal Solid Waste Treatment,"        <div class=""overview""> <h4>Abstract</h4><p>Waste management constitutes a key element of a country\xe2\x80\x99s sustainability. Environmental experts agree that the goals set for the waste utilization rate will never be achieved without energy recovery. Thus, the question is what technology is best for energy generation from waste? In order to answer this question, it is important to establish criteria for measuring the efficiency and sustainability of technological alternatives. The aim of this work is to select the best waste to energy (WtE) alternative within the framework of sustainable development. The methodology is based on a set of indicators that assess WtE, considering the four dimensions of sustainable development outlined by the World Commission on Environment and Development: environmental, economic, social, and institutional. This methodology takes into account each community\xe2\x80\x99s differences by enabling, for each particular context, the construction of specialized sets of indicators. The analytic hierarchy process (AHP) was applied to identify indicators for each context using the experts\xe2\x80\x99 opinion from various fields. This allows for the transparent selection of sustainable alternatives for WtE and contributes to making strategic decisions based on the characteristics of the various possible scenarios.",The International Journal of Environmental Sustainability
,,
Evaluation of the Removal of Copper in Synthetic Effluent Using HDPE Composites Reinforced with Vegetal Biomasses,,The International Journal of Environmental Sustainability
,,
Evaluation of the Removal of Copper in Synthetic Effluent Using HDPE Composites Reinforced with Vegetal Biomasses,"        <div class=""overview""> <h4>Abstract</h4><p>Polymeric materials are so widely used that they represent a current problem in the environmental field and on sustainable development. Thus, the development of alternative materials that fit in the ecological sphere and minimize environmental problems without compromising the function of the materials has been the subject of several studies. Therefore, the objective was to develop and apply composites made from high density polyethylene reinforced with biomass from macadamia nut shell, sugarcane bagasse, and royal palm in tests of copper adsorption in synthetic effluent. The composites were prepared at a ratio of 15 percent fiber (50 mesh) and 85 percent HDPE and processed in a thermokinetic mixer. For the adsorption tests, 20 grams of composites were placed in contact with 50 mL of synthetic effluent at residence times of 24, 48, and 36 hours. The results showed that all the composites developed were able to remove copper from the synthetic solutions and that the composite reinforced with sugarcane bagasse presented the best removal rate, evidencing the possibility of using these composites as a way of promoting the reduction in the use of petroleum derivatives and as a contribution to the treatment of copper contaminated water.  ",The International Journal of Environmental Sustainability
,,
Life Cycle Impacts of Commercial Guayule Rubber Production Estimated from Batch-scale Operation Data,"        <div class=""overview""> <h4>Abstract</h4><p>Natural rubber is a commodity used for manufacturing various goods, from medical products to automobile tires, and can be produced from the guayule plant (Parthenium argentatum), which is a low input perennial shrub native to Mexico and the American Southwest. Guayule rubber has the potential to replace Hevea (Hevea brasiliensis) rubber, the most common natural rubber that is currently imported to the United States. The solvent extraction method for rubber production in two batch processes (termed batch and upgraded batch) was compared to a commercial-scale process. A life cycle assessment (LCA) model was constructed to evaluate the environmental impacts (ozone depletion potential, global warming potential, acidification potential, photochemical oxidation potential (or smog), respiratory effects, and fossil fuel depletion) of a current guayule extraction processes and estimate future impacts from large-scale facilities. Actual data from a facility in Arizona were used for the batch processes supplemented by data from literature. Statistical methods were used to obtain data from a formerly operated commercial facility for the commercial-scale process. Results showed that in the batch processes total solvent loss (i.e., losses of solvents in the process and fugitive losses) is responsible for more than 90 percent of environmental impacts. However, solvent losses diminished, and energy consumption (due to propane and electricity) was found to be the greatest contributor to impacts in the commercial-scale process. Process improvements in the upgraded batch process led to 35 percent lower impacts on an average compared to the batch process, whereas the commercial-scale process contributed 65 percent lower impacts on an average compared to the batch process.",The International Journal of Environmental Sustainability
,,
Identifying the Typology of Windows in Public Elementary School Classrooms in Indonesia,,The International Journal of Environmental Sustainability
,,
Identifying the Typology of Windows in Public Elementary School Classrooms in Indonesia,"        <div class=""overview""> <h4>Abstract</h4><p>Windows in a classroom are particularly necessary to ventilate the room, provide fresh air to maintain the indoor air quality and thermal comfort, and provide natural light and an outside view. Several health issues related to the inappropriate use of windows in school classrooms have been reported, such as distracting student concentration; affecting learning performances; and causing headaches, asthma, cough, and eye irritation, also known as the symptoms of sick building syndrome. Therefore, the type of windows used in school classrooms must be analyzed to inquire whether the window type appropriately achieves good indoor air quality, thermal comfort, natural light, and access to an outside view. Thus, this study aims to identify the typology of the windows used in public elementary schools in Indonesia. This study employed the qualitative method via field observations on the fifty-eight school classrooms of forty-four chosen public elementary schools in Indonesia that use natural cross ventilation. Three types of windows were used in the selected classrooms, namely, casement top hung, casement side hung, and louver types. All the window types come with additional permanent ventilation, which is the wooden horizontal louver on the upper side. The windows located on the corridor sidewall and the opposite side are generally at the height of 1.0 to 1.4 m above the floor level. Most of the school classrooms use the same type of window on both sides of the wall: the casement top hung (24) and the louver window (12). One school classroom uses only permanent ventilation at the height of more than 2 m from the floor on both sides of the wall. Other school classrooms use different window types on each side of the wall. The results are necessary for further investigation to ensure that the performance of a window type achieves a healthy indoor environment in public elementary school classrooms in Indonesia.",The International Journal of Environmental Sustainability
,,
"Is High-density Development Sustainable Urban Form? A Footprint Study of Transportation in Vietnam, New Zealand and Finland",,The International Journal of Environmental Sustainability
,,
"Is High-density Development Sustainable Urban Form? A Footprint Study of Transportation in Vietnam, New Zealand and Finland","        <div class=""overview""> <h4>Abstract</h4><p>Many cities have changed from the time their boundaries were defined by walking distance to cycling distance, then extended to the tram era, and since have sprawled from access to private vehicles. The environmental impact of transport is significant. There have been many debates on how to reduce the environmental impacts of travelling. Usually, common suggestions are increasing urban density, reducing travel distance to walkable and cyclable distances, and using more public transport and electric vehicles. However, there is growing evidence that it is still unclear how urban form and density can be associated with travel distance. Bearing in mind that few people can afford to buy electric cars and it would take a very long time to replace existing cars using fossil fuels, the question is what are the alternative options in the transition to more sustainable urban transport? Hence, this paper explores what forms the largest part of individual transport footprints in terms of domestic travel and the reasons why. Using ecological footprint measurements, this paper will examine the environmental impact of domestic travel in three very different cities: Hanoi in Vietnam, Wellington in New Zealand, and Oulu in Finland. This will be done by assessing the ecological footprint of fuel use, embodied energy of vehicles, and the infrastructure in the three cities. This investigation of the transport footprint reveals that people in all three cities still travel about the same distance regardless of differences in urban densities as well as urban forms. Instead, what differs is their choice of travel mode. This has led to significant differences in the individual transport footprint results for the three cities. The individual transport footprint of Hanoi is much smaller than those of Wellington and Oulu, although the travel distances are similar. This paper argues that the mode of travel is what should be the focus in order to reduce the transport footprint, and high-density settlement is meaningless if travel still largely depends on the car. It also argues that in the future of sustainability, people do not necessarily have to reduce their travel distance within the city, rather they need to make smarter travel choices. Furthermore, the paper compares the ecological footprint of transport in low-density and high-density settlements in these case studies to demonstrate that high-density development would tend to increase fuel consumption due to urban driving patterns. Finally, the paper examines the land area needed to replace transport fossil fuel by renewable energy in Finland to show that having high density settlements could limit opportunities to grow food and develop renewable energy.",The International Journal of Environmental Sustainability
,,
The Role of Soil C:N in Understanding On-Farm CO2 Emissions: A Case Study of Midwestern US,"        <div class=""overview""> <h4>Abstract</h4><p>The soil Carbon-Nitrogen ratio (C:N) provides an overview of change in carbon and nitrogen stock in soil due to change in land use. However, a rational analysis of change in stock of carbon and nitrogen has not yet been used to understand carbon footprint from managed soils. This is the first study to propose the role of C:N ratio to understand on farm CO2 emissions from agriculture. Existing agricultural databases have high levels of uncertainty; we hypothesize that the use of scaling factors to estimate carbon footprint underestimate nutrient management in a watershed. Therefore, in this study on-farm CO2 emissions were simulated using a watershed-scale biogeochemical model called SWAT (Soil Water Agricultural Tool). Simulated physical processes were then coupled with IPCC guidelines for greenhouse gas estimation. A biological agricultural scenario was considered with a continuous corn\xe2\x80\x93soybean\xe2\x80\x93oats rotation using alfalfa and cereal rye as cover crops, conservation tillage using a LEMKEN cultivator, and a mix of conventional and biological fertilizers. The same crop rotation was assumed for a comparative conventional scenario without  cover crop, intensive tillage and conventional fertilizers. Biological agricultural practice, showed a 25% reduction in carbon footprint than conventional practice. C-footprint from bio-based practice could be further reduced to 27% and 33% by adopting strip till and no till respectively. Results concluded that soil C:N is rich in nitrogen indicating residual nitrogen as the major source of N2O emissions. With the increase in soil C:N ratio, the on-farm emission decreased. Bio based approach had higher soil C:N ratio than conventional baseline scenario, however, higher soil C:N ratio for sustainable conventional practices were noted with the introduction of cover crop and application of lime.",The International Journal of Environmental Sustainability
,,
Evaluating the Economic Case for Sunflower\'s Coal-fired Power Plant Expansion,"        <div class=""overview""> <h4>Abstract</h4><p>In 2007, the U.S. Supreme Court ruled that carbon dioxide is a pollutant and must be regulated by the Environmental Protection Agency, even if the science of global warming is equivocal and even if there may be negative effects on American industry.  The state of Kansas was the first to deny an expansion permit for a coal-fired power plant based on this ruling.  The denied utility, Sunflower Electric Power Corporation, fought back hard\xe2\x80\x94pulling political strings and mustering economic arguments supporting the expansion.  In this paper, we evaluate their economic case, and find it lacking.  First, Sunflower does not need the power: the expansion they propose is over four times as large as what would be needed to supply its projected needs in 2030, and it ignores new supply already created.  Second, their most emphasized argument\xe2\x80\x94job creation\xe2\x80\x94is overstated: the majority of jobs that would result are low-paying service jobs, while virtually all of the project\xe2\x80\x99s estimated value-added would accrue as corporate profits.  We conclude that the corporate beneficiaries of this project are dumping a toxic project \xe2\x80\x9cin the middle of nowhere\xe2\x80\x9d\xe2\x80\x94Kansas\xe2\x80\x94to supply cheap power to other states.  Conservation groups are already fighting this expansion based on its negative environmental impacts.  We suggest that the project should be shuttered for economic reasons as well.",The International Journal of Environmental Sustainability
,,
The Impact of the \\u201cShale Gas Revolution\\u201d on the United Kingdom Electricity Generation Outlook,,The International Journal of Environmental Sustainability
,,
The Impact of the \\u201cShale Gas Revolution\\u201d on the United Kingdom Electricity Generation Outlook,,The International Journal of Environmental Sustainability
,,
The Impact of the \\u201cShale Gas Revolution\\u201d on the United Kingdom Electricity Generation Outlook,"        <div class=""overview""> <h4>Abstract</h4><p>The prospects of UK shale gas development and its role in the energy mix has generated contradictory views. Its inclusion in electricity generation is anticipated to help mitigate the grid carbon emissions. However, there is fear that a shale gas \xe2\x80\x9crevolution\xe2\x80\x9d might distract policy commitments on the development of low carbon technologies. Others argue that a shale gas \xe2\x80\x9cboom\xe2\x80\x9d could potentially create a \xe2\x80\x9clock-in-effect\xe2\x80\x9d on the gas generation infrastructure, thus, further exacerbating the burden on carbon emissions. The uncertainty over the future role of shale gas is worsened by lack of clarity and conflicting estimates on the potential gas resource and reserves. In the midst of these uncertainties, this paper seeks to examine transition pathways incorporating shale gas and their implications on electricity sector decarbonisation and energy security objectives.",The International Journal of Environmental Sustainability
,,
Media Coverage in the Context of Education for Sustainable Development,,The International Journal of Environmental Sustainability
,,
Media Coverage in the Context of Education for Sustainable Development,"        <div class=""overview""> <h4>Abstract</h4><p>The researcher developed his own framework to characterize news coverage in the context of education for sustainable design(ESD): HOPE (holistic, future-oriented, participatory, and empowerment). The study focuses on a content analysis of climate change coverage in Thailand\xe2\x80\x99s newspaper from October 2009 to September 2010. Based on the proposed characteristics, the content analysis found that \xe2\x80\x9cHOPEful\xe2\x80\x9d coverage, or articles with the four characteristics, are very rare while the \xe2\x80\x9cHOPEless\xe2\x80\x9d coverage, or articles without any of the characteristics, are high in the two Thai language newspapers, but very low in the English language newspaper. Some HOPE coverage, or the coverage with some of the characteristics, is the largest group in the three newspapers. O and P are the least covered characteristics, while H and E are more common. This study aims to provide a new grounding for research on ESD and the media in Thailand in several aspects. The ultimate goal of this study is to transfer the concept of ESD from abstract policies and promises into solid practices, especially in a media context. It also aims to be able to suggest how the media can contribute to ESD, particularly in the context of developing countries, by examining the case of Thailand\xe2\x80\x99s newspaper coverage of climate change.",The International Journal of Environmental Sustainability
,,
Challenges of Sugar Cane Production in Brazil,"        <div class=""overview""> <h4>Abstract</h4><p>Sugar cane cultivation has long characterized the economies of many Latin American and Caribbean states. Labor has shifted from the enslavement that accompanied sugar production under colonial powers to wage labor, yet in many ways the working conditions have remained similar. Working conditions on Brazilian sugar cane plantations vary widely, but there is ample evidence to conclude that the exploitation of workers is common in this industry. Brazil\xe2\x80\x99s northeast has historically been the primary area of sugar cane production. However, centuries of poor agricultural practices have resulted in diminished soil fertility in this region. This environmental degradation is compounded by the Northeast\xe2\x80\x99s historical dependence on agricultural production, contributing to high rates of unemployment, and the vast income discrepancy between the northeast and the south. Labor migration from the northeast to the more affluent south is a consequence of these circumstances. This paper considers the working conditions of the seasonal migrant labor force that bears most of the responsibility for sugar cane harvesting in the center-south region of Brazil, and questions the sustainability of ethanol under the current mode of production, given the human and social challenges.",The International Journal of Environmental Sustainability
,,
Performance of Constructed Wetland for the Removal of High-loaded Ibuprofen from Wastewater,,The International Journal of Environmental Sustainability
,,
Performance of Constructed Wetland for the Removal of High-loaded Ibuprofen from Wastewater,"        <div class=""overview""> <h4>Abstract</h4><p>This paper presents the findings of an investigation on the performance of a mesocosm-scale horizontal subsurface flow constructed wetland (HSSF-CW) system for treating wastewater contaminated by ibuprofen (IBP) with a high loading (100 \xce\xbcg/L). The HSSF-CW system included a planted bed with \xe2\x80\x9cTypha angustifolia\xe2\x80\x9d and an unplanted bed as a control. The hydraulic retention time was 4 days. Over a period of 310 days after system start-up, the mean removal efficiencies of COD, ammonium nitrogen (NH4+-N), total phosphate (TP), and IBP in the planted bed were found to be 93%, 61%, 63%, and 69%, respectively, compared to those of 90%, 31%, 26%, and 35% in the unplanted bed. No adverse impacts induced by the high load of IBP were observed during the operation of the system. It was found that plants played a positive role in the removal of NH4+-N, TP, and IBP as demonstrated by the plants\xe2\x80\x99 ability to take up pollutants and their support for the development of microorganisms in the rhizosphere. Two hydroxylated metabolites of IBP in the forms of 2-hydroxy ibuprofen (2-OH IBP) and 1-hydroxy ibuprofen (1-OH IBP) were detected in the outflow water from both the planted and unplanted beds. The significant difference between the concentrations of 2-OH IBP in the two beds is strong evidence that microbial degradation of IBP took place mainly through the aerobic biodegradation process. The experimental results of this study clearly demonstrate the positive performance of the mesocosm-scale HSSF-CW for the removal of high-loaded IBP from wastewater and imply the plausible feasibility of this type of constructed wetland in pilot-scale and full-scale application.",The International Journal of Environmental Sustainability
,,
A Feasibility Study of Tailored Feedback on Habitual Environmental Behavior,"        <div class=""overview""> <h4>Abstract</h4><p>Problem Statement: Environmental feedback interventions show demonstrated success in reduction of household energy use. Few studies have been conducted, however, to encourage sustainable behaviors in consumer environments. Purpose Statement: This paper describes the use of an intervention approach to target environmental behaviors in a consumer environment. Methods: A brief environmental behavior intervention was tested against a brief intervention to reduce alcohol consumption using a randomized controlled design. A sample of 152 men was recruited over 13 weeks at a gay bar because the primary intervention was to test the reduction in alcohol use. Those randomly assigned to the environmental behavioral intervention had their carbon footprint assessed prior to entering the bar. The calculated carbon footprint was used to assign participants to three environmental feedback categories: low carbon footprint, average carbon footprint, and high carbon footprint. Several environmentally sustainable behaviors were discussed prior to bar attendance. The majority of these behaviors required changes in activities of daily living; however, the discussion also included advice to reduce the number of paper towels used inside the bar. The primary research question from this study was whether the environmental behavior intervention resulted in a reduction in paper towel use among those who were randomly assigned the environmental intervention. Participants were asked to complete a brief survey at exit from the bar in order to ascertain if paper towel use and alcohol use were changed by the feedback interventions. Findings: Participants receiving the brief environmental feedback intervention used significantly fewer paper towels while inside the bar (mean 1.51, sd 1.97) compared with those who received a brief alcohol feedback intervention (mean 2.91, sd 3.89). Even after clustering by date of data collection, individuals receiving the brief carbon footprint feedback used significantly fewer paper towels than did those who received feedback on alcohol use (F = 7.54, p \xe2\x89\xa4 0.01). Conclusion: This intervention was appropriate for reducing use of disposable materials inside a bar. This feasibility trial supports utility of recruiting participants for environmental behavior change from consumer environments.",The International Journal of Environmental Sustainability
,,
A Review of Swedish Residential Building Stock Research,"        <div class=""overview""> <h4>Abstract</h4><p>Energy usage in the Swedish building stock has changed significantly the last 20 years. The target of reducing the Green Houses Gas (GHG) emissions by 40% till 2020 seems reachable through politically motivated projects in the fields of energy efficiency, demand and supply side management of energy usage. This paper is primarily a review paper of the contemporary Swedish building stock state and research. Different research bodies, such as government research institutes, universities, and companies, have different financing and foci. They present their results on introduction of GHG reducing technologies in the built environment differently. This paper creates a structure amongst these actors by dividing them in groups and by identifying topics where there are different positions held by researchers and practitioners in the fields related to building stock. Data from Energy Performance Certificates (EPC) is used to generate display on how energy usage varies depending on building vintage. This gives an indication on how the building stock is developing and what measures that should be in focus to reach environmental targets.",The International Journal of Environmental Sustainability
,,
Breathing Spaces in Inner Urban Neighbourhoods in Sydney,"        <div class=""overview""> <h4>Abstract</h4><p>Given the drive for densification in New South Wales planning policies in the last few decades, the issue of natural features and green spaces is now of great concern among urban residents and researchers. Having outdoor spaces is challenging in a dense urban setting of inner areas, where spaces are at a premium. Moreover, within context of scarcity of open areas in the inner city, spaces within the building such as inner courtyards or balconies have the potential to serve as outdoor or open green spaces. Here, we examine a crucial question \xe2\x80\x93 do the users in higher density setting value the outdoor spaces and greenery? This article investigates a residential development in inner Sydney using survey and observations. The buildings in these complexes were arranged in a designed master plan, with close proximity to parks. The paper broadens the concept and extent of conventional outdoor spaces to areas within the buildings. Also highlighted is the importance of these spaces by identifying various functions that are actually carried out by users in these spaces. The findings improve our understanding of the physical characteristics of designed spaces that may influence social contact and provide evidence that greenery plays an important role in creating useful outdoor spaces.In addition, we examine a few questions - do the users in higher density setting value the thoughtfully designed spaces? Are designers aware of the users&#39; responses of  the outdoor spaces? Given the fact that designers rarely revisit a completed project \xe2\x80\x93 is there a congruence between the users\xe2\x80\x99 perceptions of the outdoor spaces and the designers initial intentions? The article is centred around a study that was conducted at eight residential complexes in inner Sydney using survey, interview and visual materials. The buildings in these complexes were arranged in a designed master plan, with close proximity to parks. The paper further broadens the concept and extent of conventional outdoor spaces to areas within the buildings \xe2\x80\x93 such as transitional and open areas, e.g.,  balconies and courtyards in relation to the users\xe2\x80\x99 perceptions and experiences. Also highlighted is the importance of these spaces by identifying various functions that are actually carried out by users in these spaces. The findings improve and broaden our understanding of the physical characteristics of designed spaces that may influence social contact and provide evidence that greenery plays an important role in creating effective outdoor spaces.",The International Journal of Environmental Sustainability
,,
Public Design and Household Participation in Recycling for Sustainability (2016),,The International Journal of Environmental Sustainability
,,
Public Design and Household Participation in Recycling for Sustainability (2016),,The International Journal of Environmental Sustainability
,,
Public Design and Household Participation in Recycling for Sustainability (2016),"        <div class=""overview""> <h4>Abstract</h4><p>Recycling is considered to be one of the most effective measures for tackling imminent environmental problems. Over the past few decades, environmentalists, researchers, designers, and policymakers have made great efforts to reduce and recycle waste. However, compared to other developed cities, Hong Kong\xe2\x80\x99s household waste recycling rate is still low with only 40%. In recent years, increasing numbers of designers and researchers have recognised that public design provided as a tool or service in public spaces is a significant factor for sustainable behaviour. Low quality and inefficient public design for recycling may fail to mobilise community participation. This paper aims to provide an in-depth investigation into households\xe2\x80\x99 attitudes toward recycling and to shed light on the public design for recycling. This paper employs both quantitative and qualitative research methods. Based on an empirical study in a densely populated district, Kwun Tong, the findings indicate that public design is a key factor for facilitating or constraining sustainable behaviour. This paper further identifies some characteristics of public design and discusses how design can be improved to meet people\xe2\x80\x99s needs and preferences. Finally, the paper provides recommendations for researchers and policymakers to encourage household participation in recycling by improving the quality of public design.",The International Journal of Environmental Sustainability
,,
Horizontal Relationship and Environmental Communication (2016),"        <div class=""overview""> <h4>Abstract</h4><p>Growing attention to sustainable communities has caused municipalities to consider their own sustainable development. Depopulated areas or rural areas are no exception. This research aims to introduce collaborative activities in Austria by SPES Zukunftsakademie as a promoter of activities with the principle of sustainability for revitalisation of communities and local residents as those who are encouraged to join the activities and who understand sustainability principles. Based on a case study, this paper suggests that a robust and mutual horizontal relationship between the promoter and local residents plays a key role in successful environmental communication and the dissemination of an environment-oriented norm. SPES Zukunftsakademie is an Austrian company, contributing to the revitalisation of depopulated towns such as Kirchschlag in Austria through various activities under the principle of sustainability. A case study in Austria was carried out and analysed mainly focusing on how SPES relates to local residents and what kind of communication they have with local residents. Following the results, this paper shows the unique communication and relationship between SPES and local residents, stressing the importance of creating the horizontal relationship between a promoter of an environment-oriented norm through an activity and those who are encouraged to join the activity and have the environment-norm.",The International Journal of Environmental Sustainability
,,
"Analyses of Sustainable Agriculture Elements that Support Agritourism and Conservation in Rural Chiangkhan, Thailand (2016)","        <div class=""overview""> <h4>Abstract</h4><p>Urban areas are intrinsically linked with their suburban and rural proximity. This study is focused on three rural communities, namely Umung, Phabaen, and Buhom, which are located near the city of Chiangkhan, Thailand, where an influx in tourism has occurred. These farming communities with traditional lifestyles, farming practices, and festivals are becoming the places for which culturally curious people look. The objective of this study is to explore factors contributing to the development of agritourism and resource conservation in the farming regions, particularly farmers\xe2\x80\x99 knowledge of and sensitivity to conservation, farmers\xe2\x80\x99 familiarity with sustainable agriculture, and potential added-value products for agritourism development. Questionnaires were given to farm households for primary data collection; both the qualitative and quantitative attributes were then analysed. It is important to investigate the sustainability of farming villages to mitigate pressure from the influx of tourists. Therefore, agritourism focused on sustainable agriculture, and conservation of local heritage is essential. The results of this study can serve to develop guidelines for potential agritourism and conservation development in rural Thailand.",The International Journal of Environmental Sustainability
,,
Consumers and Climate Change (2016),"        <div class=""overview""> <h4>Abstract</h4><p>The IPCC have identified a number of aspects of human activity that contribute to greenhouse gas emissions and thereby affect climate change. These include such things as population size and patterns of land use that are difficult or impossible to change, especially in the short-term. However, they have also identified \xe2\x80\x9clifestyle\xe2\x80\x9d as a major contributory factor. \xe2\x80\x9cLifestyle\xe2\x80\x9d is comprised of many of the behavioural choices that we make as consumers in our everyday lives. This makes a deeper understanding of consumer choice a critical consideration in the fight against climate change. One important theoretical issue, deriving from an evolutionary perspective, is how the presence of others affects consumer choice with differing environmental consequences. In this study, we compared the product choices of a set of experimental participants when shopping alone or with friends in a simulated shopping task. We found that the presence of others had a significant effect overall on consumer choice. People are more likely to select well-known brands and luxury products when shopping with others. Costly signalling theory (from evolutionary psychology), where we signal to our friends that we have the resource to purchase these kinds of items, can explain these findings. Similarly, we found that people are more likely to purchase organic or eco brands when shopping with others. Again, this is compatible with costly signalling theory, where we signal here our pro-social orientation through our selections (this is also advantageous in evolutionary terms). However, carbon footprint labels did not work in this way. Our participants were significantly more likely to choose low-carbon items when shopping alone than when shopping with friends. In other words, low-carbon items did not behave like well-known brands, luxury items, or organic/eco products. There appears to be no added social cachet to choosing low-carbon products in public, and this raises significant concerns about whether carbon labelling can genuinely work as an enabling factor. We make some suggestions about how we might raise the recognition value of carbon labels.",The International Journal of Environmental Sustainability
,,
Stakeholders\\u2019 Environmental Sustainability Perceptions in Spanish Campuses,,The International Journal of Environmental Sustainability
,,
Stakeholders\\u2019 Environmental Sustainability Perceptions in Spanish Campuses,"        <div class=""overview""> <h4>Abstract</h4><p>The purpose of this article is to identify the opinion of the main stakeholders (the members of the Social Council\xe2\x80\x94as the main body for participating in society and responsible for overseeing economic activity\xe2\x80\x94student representatives, academic and operation managers/experts of Eco-campus as policy makers, and those responsible for implementing the initiatives in university\xe2\x80\x99s campuses) about the ongoing efforts that universities should make in the field of environmental sustainability. Design/methodology/approach: An exploratory analysis of surveys focus on the Social Council, student representatives, and academic and operation managers/experts of Eco-campus to explore their views on environmental sustainability management and commitment from Spanish Universities. The findings of this research confirmed that in many universities, stakeholders are in favor of integrating Education for Sustainable Development (ESD) practices in managing their campus. In their statements, the university stakeholders show an interest in getting their institutions to be sustainable and a belief that universities have an important role to play in this area. Practical implications: The findings led the authors to conclude that the main areas of the environmental issues are related to transportation, efficient use of energy, and the reduction and treatment of waste. The main obstacles identified are financial resources needed to develop the projects. Originality/value: The outcome demonstrates a different point of view from the responses, being the key to understand the perception that participants hold about the commitment that universities should take on issues of environmental sustainability.",The International Journal of Environmental Sustainability
,,
Sustainable Advantage: Accelerating from Regulatory Compliance to Environmental Sustainability,"        <div class=""overview""> <h4>Abstract</h4><p>According to the 2014 WWF Living Planet Report, \xe2\x80\x9cWe are using 50% more resources than the Earth can provide. By 2030, even two planets will not be sufficient.\xe2\x80\x9d Rapid industrial development in the last century has not only severely depleted our finite natural resources but also heavily polluted fragile ecosystems on land and water. This paper is focused on a new environmental sustainable framework for industries. In the framework, there are four stages: industries need to quickly move away from a compliance-based mindset (Stage 1) to an environmental management system that incorporates continuous improvement throughout the life of the facility (Stage 2). In Stage 3, industrial ecology principles are aggressively embraced such that we accelerate to the ultimate goal of zero emissions (final Stage 4). The circular economy, which embraces these sustainability principles (industrial ecology and zero emissions), is gaining increasing acceptance with large global industries such as Google, Unilever, and Renault. While zero emissions may seem like a hypothetical goal, it is ultimately our best choice.",The International Journal of Environmental Sustainability
,,
Climate Change and Canadian Communities\' Grass-based Sport Fields,"        <div class=""overview""> <h4>Abstract</h4><p>This study examines adaptations being completed by those maintaining municipal grass-based sports fields during times of climate change. A total of sixteen in-depth interviews were conducted from May to July 2016. A semi-structured interview guide was utilized. The questions aimed to determine the awareness and impact of changing weather conditions or the problem of climate change, including the priority of the problem, and weather information sources. As well, the questions sought understandings on the strategies for adapting/mitigating for the issue of climate change. All interviews were audio-taped and transcribed verbatim for analysis. Content analysis of the data was utilized, and, specifically, all data were analyzed and categorized by topics, key themes, and/or central questions offered for interpretation. The interview participant selection involved purposeful sampling. The participants held a variety of key employment positions that included directors, senior managers, managers, and key maintenance personnel of departments such as Parks and Recreation, Open Spaces, Parks Operations, Community Facilities, Program Standards, and Parks Maintenance. Each participant was provided a code name, including Participant\xe2\x80\x931 (P\xe2\x80\x931) to Participant\xe2\x80\x9316 (P\xe2\x80\x9316). The participants were from the area known as the Golden Horseshoe region, ranging from Niagara Falls to Toronto, Ontario, Canada. Municipal workers are making adaptations to maintain grass-based sports fields due to changing weather conditions that could be related to climate change. These impacts involved two key areas: seasons that were not normal as well as new pests and disease. The participants outlined their adaptations, which involved five key sport field maintenance themes. Importantly, a central question was raised as a debate topic for establishing the future directions for grass-based sports fields in times of climate change.",The International Journal of Environmental Sustainability
,,
The Sustainability of the Merauke Integrated Food and Energy Estate (MIFEE),"        <div class=""overview""> <h4>Abstract</h4><p>Land use choices will impact on ecosystem integrity, and, in the case of agriculture, particularly on the availability of water and extreme events associated with climate change. In 2006, the Merauke Regency in southern Papua was identified for agricultural development as a national food basket for Indonesia. The Merauke Integrated Food and Energy Estate (MIFEE) has caused much controversy and aggravated relationships between the stakeholders, including non-government organisations, investors, the local government, and the Indigenous People. In the contexts of such complexity, it is useful to understand the big picture and how it is perceived to impact upon different stakeholders. This integrated assessment of the sustainability of the MIFEE project makes a useful contribution to the MIFEE discourse. The Mauri Model Decision Making Framework is a unique sustainability assessment approach that enhances community understanding of complex problems. The conceptual basis of the framework is \xe2\x80\x9cmauri,\xe2\x80\x9d the binding force between spirit and substance that enables life and enhances wellbeing. The framework has been successfully applied to the assessment of the sustainability of the water supply in Agats Township in Southern Papua. The application of the Mauri Model in this foreign context was first evaluated in terms of the transferability of the framework and its suitability for use in a different international context. An extrapolation of the research findings determined that it is feasible to apply the Mauri Model in the Merauke Regency also. The objective of this research is to evaluate the sustainability of MIFEE regarding possible development scenarios and the pre-MIFEE existing condition from different stakeholder perspectives. The Mauri Model results provide a useful graphical representation of the change in \xe2\x80\x9cmauri\xe2\x80\x9d (wellbeing) caused by different options over time. The analysis clearly identifies a superior option. The decision taken to proceed with a different option indicates that the option implemented may not endure over time given the inadequate consideration of the impacts upon the Malind-Anim Indigenous Peoples.",The International Journal of Environmental Sustainability
,,
"Identifying Urban Factors Affecting Resilience Strategies to Withstand Sea-level Rise in Coastal Cities: Case Study of Port Said, Egypt","        <div class=""overview""> <h4>Abstract</h4><p>Resilience is defined as the ability to predict, prepare for, and adapt to every condition change and withstand, respond to, and recover rapidly from any disruptions. One of these upcoming changing conditions is sea-level rise in coastal cities with its severe impacts regarding coastal erosion. This dramatic environmental issue necessitates adaptation strategies for waterfront areas to be prepared for the future. Such strategies will help stakeholders to identify vulnerabilities, assess environmental and health risks of disasters. and track progress in improving recovery capacity. The research will focus on the northern wetland of Egypt. as it constitutes about one quarter of the wetland of the Mediterranean region. Port Said governorate will be the case study, as Port Said hosts Egypt\xe2\x80\x99s second largest harbor. Port Said Governorate is the most physically and socio-economically vulnerable area in the region and will be seriously threatened by sea-level rise as most of its land is low-lying. Several models predict an accelerated sea-level rise after 2040 to 2050 in response to increased melting of the West Antarctic ice shelf. The most expected serious impacts of this sea-level rise is the threat to recreational beach communities as well as to other activities in the coastal zone. This article presents four strategies for sea-level rise adaptation: protection, accommodation, retreat, and attack. A comparative analysis will be constructed for these strategies with respect to the governorate coastal zones to state the most efficient for each zone\xe2\x80\x99s conditions/constraints. Coastal development phasing will be introduced, addressing design guidelines to achieve these resilient strategies for urban development in Port Said city.",The International Journal of Environmental Sustainability
,,
Sustainability of Peri-urban Vegetable Production under Urban Pressures in Sub-Saharan Africa,"        <div class=""overview""> <h4>Abstract</h4><p>Although peri-urban vegetable production is increasingly recognized for its capacity to strengthen the resilience of the urban food system, urban expansion in most Sub-Saharan African (SSA) countries seems to pose a threat for its continuity. Thus, this article reviews the existing literature on the relationships between urbanisation and sustainability of peri-urban vegetable farms in SSA. To contribute to the understanding on how peri-urban vegetable farming can be sustained in a context of rapid urbanization in SSA, the article emphasizes the need to analyze peri-urban areas by their characteristics and argues for a conceptualization of agricultural sustainability that encompasses economic, ecological, social and land tenure dimensions. As a result, given the growing market demands, peri-urban vegetable production has ample opportunities to be sustainable and even grow; but in a context of unplanned urban expansion in poor Sub-Saharan African countries, this optimistic view should not be exaggerated. The article ends by underscoring some useful insights on policies to be taken at farm, regional, and national levels to preserve and integrate peri-urban vegetable production in the urban development process and related intervention programmes. ",The International Journal of Environmental Sustainability
,,
Critiquing the Weaker Version of the Environmental Kuznets Curve: A Consumption-based EKC Analysis  Using Dynamic Panel Data Model,,The International Journal of Environmental Sustainability
,,
Critiquing the Weaker Version of the Environmental Kuznets Curve: A Consumption-based EKC Analysis  Using Dynamic Panel Data Model,"        <div class=""overview""> <h4>Abstract</h4><p>Most of the studies testing empirical validity of the Environmental Kuznets Curve (EKC) hypothesis\xe2\x80\x94the idea that advocates deterioration of environmental quality at the initial stages of growth but an improvement of the same after a threshold level of income per capita\xe2\x80\x94have focussed only on the production process of the economies. A valid EKC is exhibited even in the cases where the pollution-intensive industries are displaced to other regions, creating a bias in the analysis. This study, therefore, examines the validity of EKC hypothesis, focussing on the consumption pattern of economies. The first model considers manufacturing consumption and the second model considers final consumption expenditure as the environmental indicator. Using dynamic panel data model, the study fails to find evidence in support of the EKC hypothesis.",The International Journal of Environmental Sustainability
,,
A Content-analytic Understanding of Factors Contributing to the Success of Proactive Environmental Strategy,"        <div class=""overview""> <h4>Abstract</h4><p>Against the backdrop of an ecocentric paradigm, this study applies Natural Resource Based view (NRBV) and stakeholder theoretic tenets to better understand the factors contributing to the success of proactive environmental initiatives. The study uses data that are obtained through content analysis of the sustainability reports of thirty environmentally reputed companies that are part of Global Environmental Management Initiative (GEMI) consortium. Partial Least Squares (PLS)-based SEM is used to analyze the relationships among the constructs of interest. The study finds that although firms with strategic environmental orientation adopt proactive environmental initiatives, establish innovation infrastructure, and communicate with stakeholders, the communications with stakeholders are not deep enough to reflect the environmental practices adequately. Inadequate stakeholder communication hinders environmental product and process improvements, which deters financial payoffs.",The International Journal of Environmental Sustainability
,,
Partnerships for SDG 11 Implementation in Brazil: Understanding the Vulnerabilities and Common Interests from a Multi-Stakeholder Perspective,"        <div class=""overview""> <h4>Abstract</h4><p>The success of the Sustainable Development Goals (SDGs) will require a great deal of coordination. Some measures can be adopted to improve the implementation of SDGs in a more integrative way. The seventeen goals adopted by the United Nations General Assembly in September 2015 are integrated and indivisible and should be implemented based on global partnership. Considering that multi-stakeholder partnership can be a critical factor in achieving the goals, understanding the potential of collaboration between distinct stakeholders is an essential starting point for successful SDG implementation. In Brazil, a national strategy to implement the SDGs has already been launched and involves many challenges that need to be overcome. In this research, to get better knowledge of the ongoing implementation of SDG 11, \xe2\x80\x9cMake cities and human settlements inclusive, safe, resilient and sustainable,\xe2\x80\x9d a qualitative analysis was carried out to identify the major vulnerabilities and common interests for an integrated implementation of SDG 11 in Brazil. Data was collected through stakeholder interviews and document review. A total of thirty-three highly representative stakeholders were sampled purposively from six stakeholder\xe2\x80\x99s categories: 1) National Government, 2) Business and Industry, 3) Non-Governmental Organizations, 4) Scientific and Technological Institutions, 5) Youth, and 6) UNDP Representative. Findings suggest that there are more trade-offs than synergies concerning the implementation of SDG 11 in Brazil. Also, governance structure, funding allocation, and social participation are key themes to be addressed by the Brazilian government to achieve better coordination and enhance the integrated implementation of SDG 11 in Brazil.",The International Journal of Environmental Sustainability
,,
Women\'s Perceptions and Attitudes about Recycling,"        <div class=""overview""> <h4>Abstract</h4><p>This research project involves a comparative study about the perceptions and attitudes of women and their domestic workers in Midstream Security Estate in South Africa about the value and practice of domestic recycling, as well as the opportunities and challenges they face in the process of recycling. The study will inform recycling practices, processes and guidelines on local grassroots level. A qualitative field research paradigm through the use of the case study method was followed. Respondents were chosen by applying the snowball sampling technique. The main data gathering techniques applied were structured interviews and questionnaires. The results of this study contribute towards the understanding of the perceptions and attitudes about recycling of women from different social, economic and cultural groups as well as their decision to recycle. The main finding is that notwithstanding the differences in education and income level, both the female residents and domestic workers are ignorant and do not have the necessary knowledge to implement effective recycling practices. A major awareness raising and education campaign is essential to get them to participate actively in domestic recycling initiatives. Such initiatives must be grounded on active community-based involvement. \r \r .",The International Journal of Environmental Sustainability
,,
Ecodigital Art,,The International Journal of Environmental Sustainability
,,
Ecodigital Art,"        <div class=""overview""> <h4>Abstract</h4><p>This paper articulates the defining themes of digital art - democratization, globalization, and interdisciplinarity \xe2\x80\x93 in relation to how artists work with technology to highlight the urgency of environmental sustainability. While advances in engineering and technology are often touted as the solutions to the Anthropocene\xe2\x80\x99s ecological problems, few studies have concentrated on the interconnections between digital technology, art, and sustainability. An outcome of ecopolitical digital art is the changing of public perceptions and behaviors concerning nature and humanity\xe2\x80\x99s troubled relationship to it. This paper historicizes digital art, tracing its evolution and major typologies, in order to posit a growing engagement with environmental issues in digital artworks of recent times. The works of Natalie Jeremijenko and Joseph DeLappe  provide case studies of digital creatives adopting themes of environmental sustainability and engendering the artist as ecological activist.",The International Journal of Environmental Sustainability
,,
Application of Time Series Analysis to Forecast Mean Monthly Temperature in Western Thailand,"        <div class=""overview""> <h4>Abstract</h4><p>The aim of this study is to predict climate data in order to develop agricultural plans for crops in Western Thailand. This study analyzed the time series characteristics of mean monthly temperature data in Western Thailand collected from Information Services and Climate Statistics, and the Meteorological Departments over consecutive days in Tak, Kanchanaburi, Prachuap Khiri Khan, Phetchaburi, and Ratchaburi provinces. From the trend analysis, the linear trend of mean monthly temperature in Tak, Prachuap Khiri Khan, Phetchaburi, and Ratchaburi showed a slight increasing trend, and a slight decreasing trend in Kanchanaburi. According to the time series analysis result, (Seasonal Autoregressive Integrated Moving Average) the SARIMA (p, 0, q) (P, 1, Q)12 model was a proper model to predict the data set of mean monthly temperature in Western Thailand. The forecast values in next five years (2019\xe2\x80\x932023) by this model showed that the lowest mean temperature in Tak, Kanchanaburi, Phetchaburi, and Ratchaburi would be in December (25.27\xe2\x80\x9326.64 \xef\x82\xb0C) and January (26.73\xe2\x80\x9326.78 \xef\x82\xb0C) for Prachuap Khiri Khan. The highest mean temperature in Tak, Kanchanaburi, and Ratchaburi would be in April (31.79\xe2\x80\x9332.05 \xef\x82\xb0C) and May (30.37\xe2\x80\x9330.67 \xef\x82\xb0C) for Prachuap Khiri Khan and Phetchaburi. Furthermore, the study found that mean temperature is expected to increase in the future. The forecasting values can be applied in crop cultivation planning in accordance to the low and high temperature periods and for adaptation to increasing temperatures.",The International Journal of Environmental Sustainability
,,
Toward an Integrated Sustainable Urban Design Framework in the Historic Center of Baghdad,,The International Journal of Environmental Sustainability
,,
Toward an Integrated Sustainable Urban Design Framework in the Historic Center of Baghdad,"        <div class=""overview""> <h4>Abstract</h4><p>The old center in Baghdad is well defined by its unique urban fabric, surrounded by modern urban pattern and by modern roads, which replaced its walls. Narrow alleys, natural shading, mixed use, human scale, privacy, and walkable and natural environments are the most significant features in the historic center, which also represent the main principles of urban sustainability. The historic area in Baghdad is currently suffering from problems such as air pollution, a lack of modern facilities, traffic congestion, uncontrolled land use, and a low standard of infrastructure. These problems have brought into focus the extent to which a sustainable urban design framework can provide appropriate solutions to regenerate the traditional fabric in terms of urban form, land use, transportation, and create a new vision to deal with the social and economic processes. This paper will explore how the traditional urban fabric in Baghdad might be the perfect solution for implementing urban sustainability. Consequently, our challenge in this paper is to find a solution that can serve as a platform to resolve the conflicting values of traditional urban form and modern design models, sourcing new sustainable technologies and the integration of the infrastructure systems.",The International Journal of Environmental Sustainability
,,
From Stockholm to Rio+20,"        <div class=""overview""> <h4>Abstract</h4><p>The first world conference on the environment, the Stockholm Conference, was convened in 1972 by the United Nations, prompted by serious concern over the persistently alarming trends of unsustainable environmental development worldwide. The aim of the conference was to raise global environmental awareness and to call on the international community to intensify actions to address global environmental degradation. Since then, countless international conventions, conferences and meetings have been held and hundreds of international and regional treaties and declarations and agreements have been adopted in order to reverse global environmental decline. In response to these global environmental initiatives, the Southeast Asian or the ASEAN region initiated a host of collective cooperative efforts in order to protect the regional environment. In an attempt to strengthen environmental protection efforts, the ASEAN Agreement on the Conservation of Nature and Natural Resources, a legally binding document for the enhancement of the regional environment, was enacted. Despite this, casual observation on the ground indicates that the ASEAN Agreement seems to have had no effect on curbing the region\xe2\x80\x99s environmental degradation. Using content analysis and empirical assessment, this article aims to evaluate the apparent failure of environmental control in this region. The paper ventures further to assess the role of environmental ethics in fostering stronger environmental controlling actions by drawing on the contemporary theory of environmental ethics and empirical evidence from an extensive field study on indigenous land ethics conducted between 2007 and 2011 in the state of Sarawak in Malaysia. The paper concludes that, apart from legal approaches in addressing the crisis-ridden episodes of biological impoverishment in Southeast Asia, the ethical aspect of conservation and human relationship to nature is also a critical approach to be considered.",The International Journal of Environmental Sustainability
,,
Index of Sustainable Functionality,"        <div class=""overview""> <h4>Abstract</h4><p>The index of sustainable functionality (ISF) of Urat Front Banner, Inner Mongolia Autonomous Region is implemented using a cross-reference matrix. The definitional status of sustainability is examined in quantitative and qualitative terms and calculated using multi-criteria analysis. This is based on operations research in which the application uses analytical methods to help make better decisions for optimal, or near-optimal, solutions to problems. Methodology expands across a geographic domain where the related sustainability is the level of functionality within the measured area. Theoretical analysis is tested and comprised of primary research concepts, in which preliminary steps are predefined by integrating notions from previous ISF studies in betterment of formulation and mathematical controls. Triple bottom line (environmental, social and economic) parameters and capital, defined as all goods that can be used in the production of other goods and services, play a key role in the definition of the methodological approach. The focus of defining and formulating function-to-indicator, perspective-to-function and system-to-perspective relationships are based on a stepladder-like bottom-up framework. Results span over a 20-year block indicate a low-intermediate decrease in dysfunctionality from 1990 to 2010. The premise of this research is to promote need-based sustainability thinking and contribute in minimising societal unsustainability.",The International Journal of Environmental Sustainability