Title,Abstract,Journal
,,
Measuring the Sustainability Impact in Local Governments Using the Quadruple Bottom Line,"        <div class=""overview""> <h4>Abstract</h4><p>Sustainability is utilized by cities to enable a multifaceted, cross-sectoral approach for the betterment of communities and operational efficiency of organizations. Using a case study of the medium size local government in the Midwest and the city\xe2\x80\x99s application of sustainability planning, this article focuses on a development of an expanded definition of the bottom line and a nascent approach to measuring and tracking sustainability-related efforts. The research provides an overview of measuring sustainability adopted by this particular city, using the target-specific, extended quadruple bottom line approach. The method attempts to address economic vitality, environmental quality, social equity, and governmental accountability through governance. The use of the quadruple bottom line to measure sustainability is linked to its annual budget planning and investments in transformation-related initiatives. While such an approach to measuring sustainability progress is unique in the United States, a number of cities in Australia have also adopted the quadruple bottom line approach to measure sustainability. Lessons in reporting sustainability efforts using the quadruple bottom line, in the context of an efficient and effective service delivery, can be applied to other local governments.",The International Journal of Sustainability Policy and Practice
,,
The Impact of Social Factors on Happiness,"        <div class=""overview""> <h4>Abstract</h4><p>The goal of this study was to contribute to the development of the happiness index through testing a meaningful variable influencing the concept of happiness. To achieve the goal, variables potentially affecting happiness were tested in twenty-one Asian countries, including South Korea. To test which independent variable affected the dependent variable of happiness at a significant level when controlling for the other independent variables, multiple regression analysis was conducted. The outcome indicated that tax burden had a significant, positive effect on happiness. The results suggest that a developed or developing welfare system makes people happy by providing better welfare programs and services, thereby increasing the tax burden.",The International Journal of Sustainability Policy and Practice
,,
Development of Sustainability Reporting: Evidence from Malaysia,"        <div class=""overview""> <h4>Abstract</h4><p>Sustainability reporting (SR) in Malaysia has recently progressed to the second stage of effective SR process, and support from both practitioners and researchers is crucial for its progress to continue. This study aims to identify the themes of SR determinants and their (in)consistencies, gaps, as well as opportunities for future SR studies. To achieve this aim, this study carefully reviews eighty-four published articles that are retrieved from academic journals related to environmental and social accounting, management, and business. This study adapts the Structured Literature Review Framework developed by Guthrie, Ricceri, and Dumay and provides links to various theoretical constructs (especially the Neo-Institutional, Legitimacy, Stakeholder, and Signalling theories) that are often missing in other related studies. At the end of the study, some possible research areas on governance, regulation, stakeholder perception, and reporting quality are discussed for future investigation. ",The International Journal of Sustainability Policy and Practice
,,
A Distributed Carbon Ledger: Using Blockchain for Emissions Trading,,The International Journal of Sustainability Policy and Practice
,,
A Distributed Carbon Ledger: Using Blockchain for Emissions Trading,"        <div class=""overview""> <h4>Abstract</h4><p>Blockchain technology was originally created for the purpose of developing online crypto-currencies. Nevertheless, innovations in the technology and its use are seeing it being utilized in many other areas of trade, commerce, and logistics. The objective of this article is to assess the feasibility of using blockchain technology to facilitate carbon emissions trading. This article assesses the design and architecture of both emissions trading and blockchain to show that blockchain technology could theoretically fit the role of providing a decentralized carbon ledger\xe2\x80\x94a registry and record of transactions in emissions trading that is maintained by a huge network of individuals. In particular, as international carbon trading and linking is set to become more decentralized after 2020 with the Paris Agreement, we look at whether blockchain could be used for international trading or linking of various national programs for emission reduction.",The International Journal of Sustainability Policy and Practice
,,
Brexit: Implications for UK Environmental Law and Policy,"        <div class=""overview""> <h4>Abstract</h4><p>A principal driver for sustainability in the UK is the influence of European Union law and policy. Sustainability is a key component of the ultimate purposes of the European Union, and is given specific legal force by the requirement that in conjunction with environmental law and policy it must be integrated into all of the EU\xe2\x80\x99s activities in whatever field of competence. Part of this success has been the uniformity in which environmental law and policy has been agreed and implemented by the member states, including the United Kingdom. This law is also then subject to coordination, evaluation, oversight, and enforcement by the EU\xe2\x80\x99s governance institutions. Following a referendum in which the UK population narrowly voted to separate itself from the EU, specific laws, amongst others those relating to nature conservation, such as the Birds and Habitats Directives and the Bathing Water Directive, will ultimately no longer apply to govern UK policy and practice. Given that waters and biodiversity are often shared resources, this article examines the potential impacts that non-aligned environmental policies consequent upon the UK\xe2\x80\x99s separation will mean in terms of the development of effective environmental law and policy, both in the UK and for those who have a stake in the sustainable and effective management of those resources. ",The International Journal of Sustainability Policy and Practice
,,
Moving from Policy to the Implementation and Management of Government Organizations for Clean and Green City Concepts in Malaysi,"        <div class=""overview""> <h4>Abstract</h4><p>The aim of this article is to explain the management and implementation of a clean and green city concept in Malaysia. Specifically, we explain that the clean and green city concept is a subconcept of sustainable development and that it entails a balance among society, the environment, and the economy, so the concept has complicated the national plan. Malaysia\xe2\x80\x99s government uses political machinery to pass policies on to local governments so that they can work on and manage them locally. However, the law is very important in changing people\xe2\x80\x99s behaviors; therefore, the government must act rigorously and equitably so that Malaysia can soon develop clean and green cities. In addition, for long-term success, the government must focus on educating youth and students to make them aware of the clean and green concept. Maintaining a clean and green city will help with improving people\xe2\x80\x99s health, preserving the environment, promoting tourism, attracting investors and companies, creating more employment opportunities, producing more public space for people, and imparting good qualities among individuals for future generations.    ",The International Journal of Sustainability Policy and Practice
,,
The Diffusion of Energy Conservation in Japan: The Case of Small- and Medium-sized Enterprises,"        <div class=""overview""> <h4>Abstract</h4><p>Energy conservation of small- and medium-sized enterprises (SMEs), particularly in operation sectors, is increasingly important in addressing climate change in Japan. SMEs account for 99 percent in number among all industrial sectors; also around half of the operation sectors consist of SMEs in Japan. Previous research regarding energy conservation mainly focused on the barriers and the drivers of energy conversation in general, and there is little research that analyzes the diffusion mechanism of energy conservation among SMEs. This research analyzes the diffusion mechanism of energy conversation of SMEs by applying Rogers\xe2\x80\x99 diffusion theory in Japan. We apply the barriers and the drivers that are discussed in previous research to Rogers\xe2\x80\x99 diffusion theory. Then we interview several SMEs in Japan to clarify the stage where energy conversation is from the point of Roger\xe2\x80\x99s diffusion theory, and we discuss the policy that is needed to support to accelerate the diffusion process of energy conversation among SMEs. The presented results show that while the policies for ameliorating complexity and improving trialability and observability in the persuasion stage are adequate, it is highly likely that enterprises never go beyond the knowledge stage to the persuasion stage. Thus, there is a need to supplement these support measures to move them to the persuasion stage. ",The International Journal of Sustainability Policy and Practice
,,
The Use of Colombian Palm Oil Fuel Ash in Alkali Activated Cement Compressed Stabilized Earth Blocks,,The International Journal of Sustainability Policy and Practice
,,
The Use of Colombian Palm Oil Fuel Ash in Alkali Activated Cement Compressed Stabilized Earth Blocks,,The International Journal of Sustainability Policy and Practice
,,
The Use of Colombian Palm Oil Fuel Ash in Alkali Activated Cement Compressed Stabilized Earth Blocks,"        <div class=""overview""> <h4>Abstract</h4><p>This study investigates the use of Palm Oil Fuel Ash (POFA) an agro-industrial by-product obtained from the incinerated fibers and kernel shells used in the production of biomass as an alternative fuel, which powers plants of the Colombian palm oil industry. POFA can be used as an alkali activated cement (AAC) component to develop a new binder with the same or higher physical and mechanical properties as an Ordinary Portland Cement (OPC). Colombia is one of the largest producers of palm oil in America and fourth in the world with an annual production of fruit bunch in 2014 of 5.4 million tons, from which approximately 0.53 percent can be turned into POFA. The properties of this ash could enable its use in the elaboration of Compressed Stabilized Earth Blocks (CSEB), an alternative sustainable construction material, which could help minimize the 33 percent of families in Latin America and the Caribbean and the 37 percent of Colombian families that live in houses built with precarious materials. The first phase of the study consists of determining the maximum dry density of the soil stabilized with OPC and POFA. The second phase is to evaluate POFA\xe2\x80\x99s potential use for manufacturing a CSEB. These building materials could have adequate strength for use in sustainable construction.",The International Journal of Sustainability Policy and Practice
,,
"Every Drop Counts: An Examination of the Causes, Consequences, and Solutions to the Drought Crisis in Brazil\\u2019s Southeast Region","        <div class=""overview""> <h4>Abstract</h4><p>Changes in Brazil\xe2\x80\x99s climate have aggravated drought conditions, yet the government continues to favor populist policies over ensuring sustainable energy and water resources. This paper analyses the underlying environmental and policy conditions that have led to Brazil\xe2\x80\x99s current power and water crisis and argues in favor of an overhaul of the federal energy infrastructure to reduce political influence in a regulated market and to improve initiatives of reforestation to mitigate the effects of climate change. The effects of poor climate and energy policies so clearly manifested in the Brazilian crisis should serve as a warning to other countries that sustainability is a choice, not a causal eventuality.",The International Journal of Sustainability Policy and Practice
,,
What Drives Sustainability Reporting Practices in Selected South Australian Local Councils: A Case Study,"        <div class=""overview""> <h4>Abstract</h4><p>This article aims to understand what drives the selected group of South Australian local councils to undertake sustainability reporting in the absence of a mandatory reporting framework. The case study uses new institutional theory as the theoretical framework. The study focuses on four selected South Australian local councils and uses semi-structured interviews to explore influences on sustainability reporting practice in these councils. The findings highlight a number of institutional factors that influence the sustainability reporting practices within these four councils. The South Australia\xe2\x80\x99s Strategic Plan, which acts as a quasi-coercive isomorphic pressure (semi-statutory obligation to abide by certain prescribed rules and regulations), is the most influential factor that motivates most councils to adopt sustainability reporting practices. In addition, evidence of normative isomorphism (information sharing among professionals) and mimetic isomorphism (following practices of other similar organisations) are identified in the study. Overall this research extends the applicability of institutional theory in the field of sustainability reporting and provides new perspectives to the limited literature on sustainability reporting in local councils. ",The International Journal of Sustainability Policy and Practice
,,
Thrivability Appraisals: A Tool for Supporting Decision-making Processes in Integrated Environmental Management,"        <div class=""overview""> <h4>Abstract</h4><p>Integrated scientific approaches are needed to support decision-making when creating policies that address multilayered environmental issues. The complexities of integrated water resources management (IWRM) and environmental management are particularly fraught with difficulty as they require the application of ecological system theory to social systems in planning, management, and government. Recognizing the critiques of sustainable development, we propose a new method that joins Berke\xe2\x80\x99s terminology social environmental systems (SES) to Ostrom\xe2\x80\x99s sustainability principles in a semi-empirical \xe2\x80\x9cthrivability appraisal method,\xe2\x80\x9d which brings together long-enduring institutional characteristics with common test methods that point to SES capacity for thriving with equality. The method has been applied to two research areas: the Mount Arrowsmith Biosphere Region on Vancouver Island, British Columbia, Canada, and the Eighth Hydrographic Region of the State of Rio de Janeiro, Brazil. The Brazilian case addresses water supply, sanitation, and building local capacities for participation in common goods management while the Canadian case examines the commoditization of water and forest resources as the primary barriers to thriving in changing times. Transferability of this new method to similar areas is also discussed.",The International Journal of Sustainability Policy and Practice
,,
The Manifestation of Sustainability in Social Enterprises,,The International Journal of Sustainability Policy and Practice
,,
The Manifestation of Sustainability in Social Enterprises,"        <div class=""overview""> <h4>Abstract</h4><p>Social entrepreneurship is viewed by its proponents as a potentially sustainable solution to social and environmental challenges not adequately addressed by governments, the traditional non-governmental sector, or the market mechanism. While sustainability is proclaimed as one of the strengths of this organizational form, it remains largely unexplored. In organizational settings, stakeholder analysis can not only provide an understanding of how stakeholders perceive the organization but could also be used as a mirror of organizational expression towards others. This article reports on the way in which themes associated with sustainable development manifest in the stakeholder perceptions and priorities of social enterprises based on interpretation of seventeen interviews with leaders of social enterprises in South Africa and a review of social enterprise literature. The interpretation concludes that organizational survival is central to the perceptions and priorities of social enterprises, and that the way social entrepreneurs perceive the different strands of sustainability shows a misalignment focus. ",The International Journal of Sustainability Policy and Practice
,,
"Urban Transitions and Path Dependence: Barriers to Achieving Environmental, Cultural, Economic, and Social Sustainability",,The International Journal of Sustainability Policy and Practice
,,
"Urban Transitions and Path Dependence: Barriers to Achieving Environmental, Cultural, Economic, and Social Sustainability","        <div class=""overview""> <h4>Abstract</h4><p>As the world urbanizes at a frantic pace, cities have become the nexus of environmental, cultural, economic, and social sustainability. The transformation to global sustainability, therefore, depends on urban transformations and, implicitly, the ability of urban managers to adapt global sustainability priorities to their locally unique environmental, cultural, economic, and social conditions. As such, the success or failure of the global agenda depends in large part on how locally mobilized conceptions of town planning and urban redevelopment are deployed. In the context of Calgary, Canada, a prototypical North American auto city, the transformation to more sustainable urban forms has become a public priority; however, entrenched development regimes, public and private, actively work to hinder or prevent challenges to the current model and even lobby for a return to previous, less regulated arrangements. Drawing on theoretical conceptions of complexity, evolutionary systems, and path dependence, we frame the reformation of urban planning practice as an exercise in whole-system thinking. This context provides the roots for a narrative framework that we employ to 1) identify barriers to achieving urban carbon emission reductions that are meaningful in the local context, and 2) strategically seek alternate pathways to circumvent or overcome them. However, new pathways are difficult to initiate because existing development regimes are carriers of historical inertia with a predilection to maintain business as usual even if the resulting urban form is unsustainable.",The International Journal of Sustainability Policy and Practice
,,
Sustainable Development and Performance Measurement in Healthcare Organizations,,The International Journal of Sustainability Policy and Practice
,,
Sustainable Development and Performance Measurement in Healthcare Organizations,"        <div class=""overview""> <h4>Abstract</h4><p>The Triple Bottom Line (TBL) has emerged as a leading framework to guide healthcare organizations (HCOs) during the implementation and assessment of sustainable development (SD) strategies. This paper analyzes SD performance measurement practices inside HCOs adopting a TBL perspective. The methodology used is a systematic literature review with discussion of findings based on a comparison of four case studies. The design of SD performance measurement tools tended to be the result of a participatory process in all the case studies analyzed. Adoption of performance measurement enhanced decision making. Among TBL dimensions, the social dimension was defined in different ways by the organizations under study, whereas the environmental dimension had a strong focus on eco-efficiency. However, sustainability strategies seemed to be influenced by the operational context and specificities required by SD implementation. The comparison of case studies allowed us to frame how the process of SD assessment took place, the factors that influenced its implementation, as well as the evaluation\xe2\x80\x99s benefits and limitations. The study is limited due to the scarcity of literature on the topic. Despite the fact that SD performance measurement in HCOs is at an early stage, our study provides some useful insights to guide healthcare practitioners approaching the design and introduction of sustainability assessment tools in their organizations. This paper is the first attempt to frame SD performance measurement practices in HCOs.",The International Journal of Sustainability Policy and Practice
,,
Sustainability in the Travel Industry: Empirical Findings from the Biggest Travel Companies Operating in Finland,"        <div class=""overview""> <h4>Abstract</h4><p>The purpose of the paper is to analyze the current state of sustainability and socially responsible behavior on the top four tour operators operating in Finnish markets.\r In the theoretical part of the paper, we first shortly define responsible and sustainable tourism and describe the global sustainable tourism criteria. Second, we discuss sustainable tourism and CSR standards, guidelines and codes of conduct as well as reporting and certifications in tourism industry.\r In the empirical part, we analyze sustainability and CSR practices on the top four tour operators (Oy Finnmatkat Ab/ TUI Travel plc, Apollomatkat Oy/Kuoni Travel Holding Ltd, Oy Tj\xc3\xa4reborg Ab/Thomas Cook Group plc,   Oy Aurinkomatkat - Suntours Ltd Ab/Finnair Group) operating in Finland. The empirical analyses are done by content analysis method and are based on the information presented in web sites, annual reports and corporate social responsibility reports of the companies.\r The study reveals that companies are reporting CSR to the consumers mainly on environmental and human right angles. In addition, the companies reported socially responsible activities relating to some form of charitable donations. Vision or statements of CSR policies weren\xe2\x80\x99t available on national sites. Companies were highly focused on providing information on different CSR projects but without specifying real figures on project development.",The International Journal of Sustainability Policy and Practice
,,
Framing Sustainable Health Locally through a Global Lens: The Role of the UN SDGs in Addressing Racial Equity and Public Health in the City of Detroit,,The International Journal of Sustainability Policy and Practice
,,
Framing Sustainable Health Locally through a Global Lens: The Role of the UN SDGs in Addressing Racial Equity and Public Health in the City of Detroit,"        <div class=""overview""> <h4>Abstract</h4><p>The field of public health and the social determinants of health powerfully frame the root causes of societal problems while offering insights into useful strategies forward. The UN Sustainable Development Goals (SDGs) are an example of incorporating racial equity, poverty, and structural policies into human health improvement. But theories must be put into action if they are to make a difference. A major research hospital\xe2\x80\x99s global health division convened a workshop of fifty-five community, civic, and public health leaders to adapt the health-related SDGs to Detroit\xe2\x80\x99s context and challenges. Four breakout workgroup sessions were held, covering hunger and food security (SDG 2), health and wellbeing for all (SDG 3), sustainable water and sanitation (SDG 6), and urban development and safety (SDG 11). The strongest conclusion to emerge was that progress on the SDGs in cities like Detroit will not be possible without building a more comprehensive and inclusive public health infrastructure. This needs to be a priority at the federal, state, regional, and local levels. The SDGs provide an exciting framework for global change. In an emerging model of translocalism, Detroit can learn best practices from cities around the world with similar challenges while sharing its own lessons. The workshop clearly demonstrated the relevance of the SDGs to advance human development in Detroit.",The International Journal of Sustainability Policy and Practice
,,
Triple Collaboration for Innovation and Sustainability: A Case Study of a  Manufacturing Enterprise,"        <div class=""overview""> <h4>Abstract</h4><p>Currently, companies are strongly pressured by the growing expectation of stakeholders on issues such as environmental conservation and the preservation of natural resources. As stated by stakeholder theory, this expectation influences the decision to buy the products offered by the company and pushes the company to develop innovations. This also applies to new work operations or even new products, since they should also meet these expectations. For this reason, business managers often require joint work with new actors, such as universities, which have relevant knowledge that may be beyond the reach of the company. Therefore, the study of the critical factors that allow the success or failure of alliances between companies and universities becomes relevant. Also, government regulates and promotes environmental care in the market by promoting ecological standards, and also by financing the public goods necessary to achieve collaboration between different stakeholders for innovation and environmental sustainability. Innovation can only be maintained with the intervention of the government, because it would not be possible to leave innovation in the hands of companies who would then have to assume all the risk involved when allocating budgets for research and development. By involving universities, the state and firms provide opportunities for the application of new knowledge in companies\xe2\x80\x99 operations. The objective of this study is to understand in depth the particular case of an alliance that seeks to develop an innovation in the form of an environmentally friendly product. This type of work is required by the literature, because although there are studies that recognize the relevance of various factors, most of them are quantitative, and case studies are necessary to recognize the nuances of these relationships in depth. Our study identifies the following conditions as facilitators of collaboration for innovation: the alignment of all partners\xe2\x80\x99 objectives, the constant search for best practices in production, the proper diversification of risk, adequate market segmentation, and the formalization of contracts.",The International Journal of Sustainability Policy and Practice
,,
Fishing in Wastewaters: Fishery Models and Sanitation in Brazil,,The International Journal of Sustainability Policy and Practice
,,
Fishing in Wastewaters: Fishery Models and Sanitation in Brazil,"        <div class=""overview""> <h4>Abstract</h4><p>In 2015\xe2\x80\x932016, Brazil experienced an outbreak of infectious diseases transmitted by mosquitos (\xe2\x80\x9c\xc3\x86des \xc3\xa6gypti\xe2\x80\x9d), which was associated with the lack of sanitation in densely populated urban areas. Regardless of the Sanitation Act which was enacted in 2007, half of the country\xe2\x80\x99s population still lacks access to wastewater collection. This study assesses, through a bioeconomic model, which is usually applied to fishery management, the sanitation policy throughout the last two decades (1995\xe2\x80\x932014), when an outbreak of mosquitos had been taking place. Just like the rate of growth of fish stocks meets an upper bound when catches increase, the volume of wastewater collected ought to meet an environmental absorption limit. Therefore, a logistic, long-run program of wastewater collection is compared with the volume actually collected by state companies. Results suggest that these companies\xe2\x80\x99 investments in sanitation facilities have been insufficient and inefficient. The maximum economic yield (MEY) occurred in 2003, whereas budgetary sanitation commitments peaked as of 2007.",The International Journal of Sustainability Policy and Practice
,,
Comparative Analysis of the Environmental Impact Assessment Procedures of Japan and New Zealand,"        <div class=""overview""> <h4>Abstract</h4><p>The 2011 Fukushima Daiichi-I accident and the subsequent shutdown of the entire nuclear reactor park has left Japan in a situation in which it has to reform its energy market in order to accommodate more electricity from renewable forms of energy generation such as wind- or geothermal power; with special focus on large-scale installations, which are most likely to increase renewable energy (RE) generation significantly in the short-term. New Zealand is a country with a similar energy potential as Japan and is already capable of producing more than two-thirds of its electricity through renewables. By comparing the legal and policy aspects of both countries\xe2\x80\x99 energy market environments, it will be examined how certain laws, policies and regulations can be designed to create a market- and business environment in which it is easier to promote RE development. Relying on in-depth analysis of the respective national environmental law frameworks and the specific provisions therein, it will be attempted to demonstrate that administrative hurdles, more precisely the complicated environmental impact assessment (EIA) regulations, constitute one of the major factors in the Japanese system that stifles potential RE investment the most. These should be further reorganized and reformed in order to enhance the appeal and lower the cost of the entire approval process. In 2009, New Zealand introduced certain streamlining measures such a dedicated government agency and the creation of priority areas, which combined did reduce the cost and time of the EIA process notably for many large-scale RE power station projects. In conclusion, New Zealand environmental law offers an example of how Japan can modify certain laws to improve administrative efficiency.",The International Journal of Sustainability Policy and Practice
,,
Spectra and Specifications of Systematization Criteria for Sustainability Assessment Approaches,"        <div class=""overview""> <h4>Abstract</h4><p>Sustainability assessments are crucial for sustainability-focused decisions. The variety of assessment approaches and situations is highly diverse. Approach selection is vital as not every assessment approach is suitable to every assessment situation. Unsuited selection leads to incomprehensive or unusable results. Systematization criteria and frameworks facilitate approach selection. Existing concepts commonly focus on the supply-side, i.e., available approaches, without considering the demand-side, i.e., assessment situations. This work\xe2\x80\x99s goal is to develop quantifiable spectra and specifications for systematization criteria to describe assessment approaches and match them to assessment situations. For that, systematization criteria and requirements for sustainability assessment approaches are linked and a spectrum and specifications for each criterion are developed. This facilitates a systematic, quantified description, comparison and selection of sustainability assessment approaches.",The International Journal of Sustainability Policy and Practice
,,
Navigating a Sustainable Future: (Re)conceptualizing the Moral and  Spiritual Realities of Human Nature,"        <div class=""overview""> <h4>Abstract</h4><p>In this article, we argue that the current crisis of civilization and the countless social and environmental problems we face today are the result of a culture of materialism that emerged out of the industrial revolution and has, over the past century and a half, become a kind of universal religion that claims absolute authority and shapes all aspects of human life \xe2\x80\x93 social, environmental, economic and cultural. In this article we demonstrate how prevalent but erroneous assumptions about human nature as predominantly individualistic, competitive and selfish contribute to a materialistic culture that is environmentally, economically, socially and culturally unsustainable. We examine, for example, the implications of materialism on technology-adoption, conceptions of beauty and international financial crises. We then argue that these prevalent assumptions are incompatible with what we demonstrate as true human nature informed by biological and social sciences, religious scripture, spirituality and indigenous beliefs. Finally, we suggest how science and religion, as two complementary systems of knowledge, can inform and achieve a sustainable future for humanity. We explore the spiritual roots of sustainability to paint a different picture of human nature, which is essential in building a society founded on the principle of the oneness of humankind and the convictions that underpin it. We also make the case that spirituality, defined here as a practical expression of a deep understanding of the nature of reality, should be more widely considered in the sustainability discourse as it is closely associated with the motivation to implement sustainable structures and practices. In writing this, we hope to set a foundation for further exploration of how spirituality can inform sustainability policy and practice and suggest that its role should be more closely considered.",The International Journal of Sustainability Policy and Practice
,,
Stakeholder Collaboration Models for Public Transport Procurement of Electric Bus Systems,"        <div class=""overview""> <h4>Abstract</h4><p>Earlier studies have mainly focused on technology, economy, and advantages of electric buses, and they have largely shown that electric buses could be one of the solutions for sustainable public transport. Despite this, the present procurement process for public transport in Sweden is not suitable for including support systems for electric buses. This study was aimed to find a stakeholder collaboration model that would allow electric bus systems to be more effectively included in the procurement process for public transport. The results were achieved by several multi-stakeholder collaboration seminars and meetings that included representatives from regional public transport authorities, bus operators, bus manufacturers, energy companies, municipalities, and experts involved in bus transport. The study primarily developed two stakeholder collaboration models, suggesting that charging infrastructure should be designed separately from the common procurement process. In these models, energy companies, electric grid owners, charging infrastructure operators, regional public transport authorities, and municipalities need to collaborate. The first model is designed for a system that includes chargers at certain locations along a route and/or stakeholders with a low level of experience of electric bus systems, while the second is designed for a system that includes bus charging at the depot and/or stakeholders with a high level of experience of electric bus systems.",The International Journal of Sustainability Policy and Practice
,,
The Contribution of Environmental Indicators to the Sustainable Performance of Countries,,The International Journal of Sustainability Policy and Practice
,,
The Contribution of Environmental Indicators to the Sustainable Performance of Countries,"        <div class=""overview""> <h4>Abstract</h4><p>Water and land are essential elements for life that are becoming more and more threatened, hindering their availability for some. The development of measuring tools for water and land consumption is becoming increasingly important to guarantee their appropriate management. In this study, we compare and examine the contribution of some indicators to the environmental sustainability performance of countries. These indicators can play a number of roles in the sustainable policy process. In particular, environmental indicators can help illuminate issues by reducing complexity and diagnosing problems through the analysis of trends or correlations with other indicators, helping analysts discover patterns within and across units of analysis. The research proposes a multiple regression model to test and quantify the contribution of ecological and water footprints to the Environmental Performance Index. Given the results obtained from this study, we can affirm that, in the development of indices related to the environmental sustainability of countries, the weight of the water resource is not adequately considered. As well, the empirical result of the relation between the Environmental Performance Index and the Ecological footprint may appear unexpected because high Environmental Performance Index values for countries are related to high resources consumption.",The International Journal of Sustainability Policy and Practice
,,
"None against Reforms: Varied Interpretations of Global Ideas during a Participatory Irrigation Management Exercise in Andhra Pradesh, India","        <div class=""overview""> <h4>Abstract</h4><p>Neutral ideas and apolitical policies are (examples of) oxymora. Reform, in irrigation water management as in many other sectors, is likewise a please-all word. The malleability and ductility of its interpretations have allowed different actors to employ it in a variety of ways. The interests and agendas of influential international bodies or governments provide the initial push to ideas which later gain currency globally. Multiplicity of agents holding varied interests in different arenas complicate the picture. Even when coming to the adoption of a global \xe2\x80\x9creform\xe2\x80\x9d, the transfer to, translation of, and transformation by local actors can vastly alter the net result achieved. Lofty goals of rationality alone have not been the primary driving force for policy making regarding PIM in Andhra Pradesh. Political rhetoric, image building exercises and strengthening of party base have been but some of the inducements. The gap between policy formulation and implementation itself is considerable, with the process being far from a simple linear model. Evidence from literature and the field show considerable dynamism and negotiations in changes in irrigation water management on the ground in Andhra Pradesh.",The International Journal of Sustainability Policy and Practice
,,
Reflexivity in Development Assistance: The obstacles Dual Accountability and Communicative Asymmetry to achieving Reflexive Governance,,The International Journal of Sustainability Policy and Practice
,,
Reflexivity in Development Assistance: The obstacles Dual Accountability and Communicative Asymmetry to achieving Reflexive Governance,,The International Journal of Sustainability Policy and Practice
,,
Reflexivity in Development Assistance: The obstacles Dual Accountability and Communicative Asymmetry to achieving Reflexive Governance,"        <div class=""overview""> <h4>Abstract</h4><p>The concept of reflexivity has been brought forward as a key component of sustainability science and sustainability governance, being indispensable for sustainability as a process and a goal. The reflexive governance research field has started to produce some insight into what reflexivity could mean in practice when brought out from the hallowed halls of science into the messy arena of governance, but so far attention has been focused on First-World cases. This paper will explore how reflexive governance relates to the reflexivity concept, and how it can be applied within Official Development Assistance (ODA), especially in ODA evaluations. Two main obstacles to reflexive knowledge production in ODA are identified, being the duality of accountability in ODA and the resulting knowledge incentives, and the asymmetry in communicative capacity. Lastly recommendations are made to address these obstacles, so that evaluations can assist in achieving sustainable development.",The International Journal of Sustainability Policy and Practice
,,
Improving University Transportation Sustainability: Reducing Barriers to Campus Bus and Bicycle Commuting,,The International Journal of Sustainability Policy and Practice
,,
Improving University Transportation Sustainability: Reducing Barriers to Campus Bus and Bicycle Commuting,"        <div class=""overview""> <h4>Abstract</h4><p>Many urban universities throughout the world are promoting sustainable commuting. Shifting drive-alone trips to bus and bicycle modes can improve sustainability by reducing air pollution, energy consumption, and the number of automobile parking spaces needed in a constrained campus environment. This paper uses the University of Wisconsin-Milwaukee (UWM) as a case study to identify barriers that may prevent students, faculty, and staff from commuting to an urban campus by sustainable modes such as bus and bicycle. Travel survey responses were gathered from approximately 3,000 students and 600 faculty and staff at UWM.  Responses were stratified to identify barriers cited by short-distance drivers and existing bus and bicycle commuters, groups who may have considerable potential to increase bus and bicycle use. These groups revealed that travel time was the most significant barrier to bus commuting.  Their open-ended survey comments also emphasized the bus barriers of reliability, cost, and off-peak service coverage.  Barriers to bicycling among this subset of respondents included weather, road safety, and road conditions.  The prominence of these bicycle barriers tended to be greater for respondents with longer commutes.  Bicycle access and security were barriers to short-distance bicycle commuting. The results point to specific strategies (e.g., establish more express bus routes, increase bus frequency during off-peak hours, improve bicycle facility connections to campus, remove snow and ice from bicycle routes, establish a local bike-share program) that can be implemented by universities and their local government partners to increase sustainable commuting.",The International Journal of Sustainability Policy and Practice
,,
Assessing Community Relocation and Resettlement Programs for Managing Conflicts in the Prestea Mining Community,"        <div class=""overview""> <h4>Abstract</h4><p>The application of community relocation and resettlement programs as conflict management frameworks has done little to mitigate land use conflicts in the catchment areas of Ghana\xe2\x80\x99s Prestea mining community. This assertion is made in light of persisting occasional clashes between Prestea\xe2\x80\x99s large-scale mines and local community members. Community relocation and resettlement programs have been put together by the Government of Ghana and large-scale mining firms as tools for managing land use conflicts. However, there is uncertainty surrounding the effectiveness of the community relocation and resettlement programs in the face of the continuing conflicts. Conducting a thorough assessment of the impacts of the community relocation and resettlement programs is critical. This study questions the potency of these programs by assessing their effectiveness. This study shows that the programs are ineffective in managing conflicts because the government and large-scale mining companies often cause severe community disruption and hinder the development of other potentially profitable industries of the Prestea Community such as farming, small-scale indigenous mining, and small-scale fishing.",The International Journal of Sustainability Policy and Practice
,,
"Environmental Security Concerns Resulting from Oil Resource Extraction in the Niger Delta, Nigeria: Who Is to Blame?","        <div class=""overview""> <h4>Abstract</h4><p>Nigeria produces about 2.5 million barrels of crude oil per day which makes her the largest crude oil producer in Africa. This resource which accounts for over 80% of the country\xe2\x80\x99s revenue is solely produced in the Niger Delta region.  Determined to build a better relationship aimed at creating an enabling environment for business, the Nigerian government and multinational oil corporations embarked on a number of community development projects. Laudable as these projects appear to be, the oil producing host communities are largely unimpressed. Oil producing communities have continued to accuse oil multinational corporations and government of not doing enough to address environmental security concerns resulting from oil extraction. Between these three, there has been no consensus on who should be held responsible for the devastated environmental conditions and its consequences on the socioeconomic, political and cultural wellbeing of the region. This paper examines the implication of this blame-game while advocating a need for cooperation on the part of all the stakeholders to achieve sustainable development in the area.",The International Journal of Sustainability Policy and Practice
,,
Identifying Effective Communication Strategies to Promote Conservation of Water in Social Housing through Interaction with Tenants,"        <div class=""overview""> <h4>Abstract</h4><p>Reduced demand for water and energy is key to supplying them more sustainably and less carbon intensively; it is critical in a transition to a low carbon society. To achieve success with water efficiency, it is important to combine awareness raising, behavioural motivators, technological progress and innovation. To target water efficiency measures effectively it is necessary to communicate the right messages to different consumer groups. This study aims to elicit and understand the attitudes and motivations of housing association tenants towards water use in their homes. Interviews were conducted with housing association tenants to gain an understanding of water use, the need to conserve water and motivation issues behind water conservation. It is said that water is taken for granted as it is readily available at taps and the only way that this attitude be changed is by having a limited supply or by making use of water meters so that people pay for what they use. During this investigation a number of issues are identified which should be considered in devising an effective communication strategy for promoting water efficiency in social housing tenants.",The International Journal of Sustainability Policy and Practice
,,
Motivation for Participating in Voluntary Activities: Hooking Citizens into Water Quality Monitoring,"        <div class=""overview""> <h4>Abstract</h4><p>In Finland, the gathering of information about water systems has been heavily dependent on public organizations. However, decreasing resources have emphasized a need to find new cost-effective ways to produce information. The monitoring strategy of the Ministry of the Environment in Finland has defined the strategic targets for the gathering, storage and utilization of environmental data up to the year 2020. In this strategy the voluntary work of citizens is raised as a potential resource in supplementing the official water quality monitoring. At the moment, the involvement of citizens is still in its infancy. There is an urgent need for creating the deeper understanding of citizens\xe2\x80\x99 motives in participating in voluntary pro-environmental activities. An online survey was used for generating new understanding of why people participate in water quality monitoring activities, what motivates them, what kind of experiences people have from the current activities, and what kind of barriers they face. \r A cluster analysis with a K-means technique was used in order to identify segments of volunteers. The criteria for segments were the motivational factors as well as the experiences of participation. Three clusters of volunteers were identified: practical troopers, active communicators and communal nature enjoyers. The findings of the survey clearly indicate that there is a surprising diversity of the motives and the reasons for involving volunteers in water quality monitoring activities. This motivational diversity creates a fertile ground for developing new ways and means to get voluntary citizens involved into water quality monitoring.",The International Journal of Sustainability Policy and Practice
,,
Opportunities for Sustainable Community Development in the Wake of Disaster Situations: Lessons from the Field,,The International Journal of Sustainability Policy and Practice
,,
Opportunities for Sustainable Community Development in the Wake of Disaster Situations: Lessons from the Field,"        <div class=""overview""> <h4>Abstract</h4><p>The paper focuses on development of sustainable post-disaster intervention strategies, and guidelines for implementation. It proposes the examination of post-disaster rescue, relief, recovery and reconstruction phases as a continuum, based on the assumption that each phase presents opportunities for community development. It advocates that local as well as international organizations should be both responsive to immediate needs and pro-active, to facilitate sustainable community development processes. It hones in on the practical question: how can various change agents ensure that the window of opportunity that opens following a disaster is actualized and also generates sustainable development. It presents several physical and socio-political \xe2\x80\x9copportunities\xe2\x80\x9d and suggests an analytical framework. The identified physical and socio-political opportunities include: planning and zoning, technological innovations, community integration, inter-group conflict, long term development and disaster management. The analytical framework comprises the following components: solidarity, integration, linkages, social entrepreneurship, leadership, and community development vision. In order to identify and illustrate opportunities and factors, data have been gathered from post-disaster interventions following the Tsunami in India, Thailand, Sri Lanka and Indonesia (2004); the earthquake in Pakistan (2005); the cyclone in Myanmar (2008); and the floods in Bangladesh (2008). \r The paper concludes with recommendations for community practitioners.",The International Journal of Sustainability Policy and Practice
,,
The Localism Act 2011 and the Public Services (Social Value) Act 2012: An Opportunity to Tackle Climate Change at the Neighbourhood Level?,,The International Journal of Sustainability Policy and Practice
,,
The Localism Act 2011 and the Public Services (Social Value) Act 2012: An Opportunity to Tackle Climate Change at the Neighbourhood Level?,"        <div class=""overview""> <h4>Abstract</h4><p>The Localism Act 2011 and Public Service (Social Value) Act 2012 can contribute to environmental protection in the UK by enabling initiatives aimed at combating climate change and by engaging people in the debate about sustainable lifestyles. By highlighting the limited impact of previous governmental approaches and by drawing on research into the barriers preventing the adoption of sustainable behaviours, this article argues that a new approach under the aforementioned Acts is both possible and needed. Throughout the benefits of locally based carbon reduction schemes are highlighted alongside discussion of how provisions in both Acts could be used to facilitate the wider adoption of community energy initiatives and encourage the adoption of more sustainable behaviour at the neighbourhood level.\r  \r Recommendations for policy and practice are made, advocating greater partnership working between communities, environmental agencies and local government to make the shift from centrally imposed government carbon reduction schemes to locally based solutions. Such moves would go some way to engaging energy users as citizens, not just consumers, and empowering communities to alter their energy use behaviours. Whilst demonstrating the potential of locally based solutions this article also stresses the need for a continued role for central government, despite their localist stance, in driving the climate change agenda and in linking the implications of these Acts to environmental policy.",The International Journal of Sustainability Policy and Practice
,,
Going beyond Recycling: Minimizing Waste at Festivals in New Zealand,,The International Journal of Sustainability Policy and Practice
,,
Going beyond Recycling: Minimizing Waste at Festivals in New Zealand,,The International Journal of Sustainability Policy and Practice
,,
Going beyond Recycling: Minimizing Waste at Festivals in New Zealand,"        <div class=""overview""> <h4>Abstract</h4><p>Waste minimization practices at New Zealand festivals are unregulated, and local authority guidance with regard to waste minimization varies. Despite the absence of regulation, some festivals are choosing to incorporate waste minimization practices into their operations. This study investigates the primary barriers associated with minimizing festival waste and explores solutions to overcome them. Semi-structured, face-to-face interviews with sixteen festival organizers representing fourteen festivals were undertaken in order to analyze the inclusion of waste minimization practices in their operations, and to determine perceptions of both facilitators and barriers toward influencing and implementing such practices. Dominant barriers related to waste management service providers, volunteers, the time and resources required to implement a waste minimization system, specialist knowledge about packaging, regional recycling capacity, and local authorities. The study found that many of the barriers and challenges identified are aligned with the recommended model of minimizing festival waste in New Zealand, which focuses heavily on recycling. There is scope to urgently re-think this model, the effectiveness of which has deteriorated in light of the global recycling crisis triggered by China\xe2\x80\x99s National Sword initiative. While there is no \xe2\x80\x9cone size fits all\xe2\x80\x9d solution to minimizing festival waste, focusing less on recyclable, and more on edible, reusable, and compostable packaging could not only reduce waste, but also reduce the necessary infrastructure on festival sites. A revised model could facilitate a decrease in the obstacles relating to waste minimization found in this study. Opportunities for innovation within the New Zealand event waste service provision market exist, including the expansion of the range of products and services available. There are also opportunities for local authorities to more actively engage with the festival waste minimization agenda through the implementation of regulation.",The International Journal of Sustainability Policy and Practice
,,
Reflecting on Collaborative Networking and the Roles of Municipalities in Local Sustainable Development,"        <div class=""overview""> <h4>Abstract</h4><p>Sustainable development must be addressed locally; therefore, local governments and municipalities play a critical role in most states, having different formal responsibilities and potentials to be accountable for outcomes. However, municipalities are far from the sole owners of sustainable development. This paper considers various aspects of actor collaboration for sustainable development by conceptualizing who has responsibilities and opportunities to collaborate with whom, regarding what, and when. This paper synthesizes results of earlier case studies of municipal sustainability policy and praxis as well as theoretical considerations regarding networked governance and accountability. The empirical basis is derived from interviews, surveys, observations, and document studies of Swedish cases, but has more general implications as well. This examination interprets the meanings of local resources and constraints in the networked governance of sustainable urban development. It contributes to local actors\xe2\x80\x99 reflections on each other\xe2\x80\x99s \xe2\x80\x9cworlds\xe2\x80\x9d and collaboration agendas. Our analytical conceptualization distinguishes between groups of actors and their relationships with the local community and specifies spheres of responsibility by identifying these actors\xe2\x80\x99 perceptions of their action space. By providing this analytical framework, the conceptualization can encourage more sustainable collaboration and practices.",The International Journal of Sustainability Policy and Practice
,,
Barriers and Drivers Related to the Repair of Electronic Products: A Case Study on Televisions,"        <div class=""overview""> <h4>Abstract</h4><p>The decrease in lifespan of electronic products has become problematic considering the rapid growth of electronic waste (e-waste) and its adverse effects on the environment. Repair could represent a sustainable alternative by delaying the disposal of electronic products. Nevertheless, consumers in Western countries are not particularly oriented towards the repair of electronic products. Based on a case study on televisions, the objective of this paper is to offer, through a series of semi-structured interviews with repair professionals, a better understanding of barriers and drivers related to the repair of electronic products. The case study on televisions has raised several issues encountered during the repair of most electronic equipment, such as the cost of repairing versus purchasing a new product, the increasing complexity of both product design and electronic components, and the wide diversity of spare parts. This paper explores different user groups willing to go through the repair process in order to identify and promote incentives to more consumers and to extend the lifespan of electronic goods. Among the obstacles, those related to spare parts have been discussed through the weaknesses of the current legal framework. This study recommends reinforcing the legal framework since existing orientations do not seem significant enough to support manufacturers in facilitating repairs and encouraging consumers to repair their items.",The International Journal of Sustainability Policy and Practice
,,
Strategies of Executive Officers in the New Forms of Common Property Governance: The Case of the Private Forest Owners\\u2019 Cooperatives,"        <div class=""overview""> <h4>Abstract</h4><p>Forestry has a substantial impact on the economy in Latvia. Complementary new governance models of fragmentized private-owned forests are emerging in Latvia\xe2\x80\x94the formation of the private forest owners\xe2\x80\x99 cooperatives of the forestry services. The process of institutionalization implies both structural experience (conceptualized as habitus) and knowledge translation among social actors. Managers play a crucial role in subsequent conditions for the institutionalization of cooperatives in small scale common property governance by recruiting potential cooperative members, coordinating various interests of the cooperative members, and monitoring day-to-day operations. This research questions what strategies of knowledge translation do managers practice in the framework of these conditions. Qualitative research methods, a theoretical framework of actor-network theory, the conceptual approach of Bourdieu, and operational approach from the studies of the commons are applied to address the research question. Results show that practices of managers are incorporated in the process of multi-directed translations of knowledge in inner and outer stakeholder networks. The relation between structural experience and knowledge translation can be discussed as both opportunity and challenge for sustainable governance of common pool resources. The study implicates the role of cooperatives\xe2\x80\x99 scale in the institutionalization of new forms of common property governance.",The International Journal of Sustainability Policy and Practice
,,
EPA\\u2019s Community-Focused Exposure and Risk Screening Tool: A Trial with Community Partners,"        <div class=""overview""> <h4>Abstract</h4><p>Our ongoing research, in partnership with communities in U.S. Environmental Protection Agency (EPA) Region 10, tests a tool designed to provide practical, cutting-edge scientific resources to improve human health and the environment. The Community-Focused Exposure and Risk Screening Tool (C-FERST) was designed by EPA\xe2\x80\x99s Office of Research and Development (ORD) to help communities identify and prioritize their environmental concerns and to support their decision-making processes. This article is based on a presentation given at The Eleventh International Conference on Environmental, Cultural, Economic, and Social Sustainability. We give a broad introduction to the genesis of C-FERST by ORD beginning with EPA\xe2\x80\x99s focus on environmental justice. Then we describe our approach to testing the utility of C-FERST in two communities of different typographies: Tacoma, Washington, and Portland, Oregon. Awareness of environmental, socio-economic, and institutional concerns can generally provide parameters for community responses to local issues. However, the experiences of this project bring research face to face with the impact of the generational, cultural, and geo-spatial awareness of these communities. We hope to determine how the tool can help communities develop and strengthen information they have identified as important to creating sustainable solutions for their issues. An initial trial of the research model in Tacoma generated lessons learned and best practices that were used as a basis for working with communities in Portland. The Portland communities are examining issues such as environmental education, exposure to contaminants, and environmental justice advocacy. Research in both communities is being conducted to (1) address significant environmental, human health, and education concerns at the community level; (2) provide tools, including GIS mapping tools that incorporate citizen science in communities to understand and reduce environmental burdens; and (3) evaluate the estimates of exposure, risk, and the improvement in human health.",The International Journal of Sustainability Policy and Practice
,,
"Environmental Educommunication and Ecology of Knowledge in the Cai\\u00e7ara Community of Praia do Sono, Paraty, RJ, Brazil","        <div class=""overview""> <h4>Abstract</h4><p>In the so-called \xe2\x80\x9cMosaico Bocaina\xe2\x80\x9d region, a territory of high vulnerability in Brazil, the Observatory of Sustainable and Healthy Territories of Bocaina (OSHT), a partnership between the Oswaldo Cruz Foundation (FIOCRUZ), the National Health Foundation (FUNASA), and the Forum of Traditional Communities (FCT) works in the development of social technologies and participatory alternatives that promote equity and respond to the needs of the territory while considering local context and traditional knowledge. Using Praia do Sono, a community in Paraty, Rio de Janeiro, Brazil, as a territorial unit, a pilot environmental education project focused on ecological sanitation was developed based on the principles of the ecology of knowledge and Environmental Educommunication. The educational process was developed entirely with local agents of the community and changed following the interaction with students. A qualitative methodology (participant observation) was used, and an interpretative analysis was carried out. This paper introduces and analyzes the class plan developed and the creation of a teaching-learning strategy promoting different forms of knowledge of participants, especially students, and evaluating the consequences of the education actions carried out. ",The International Journal of Sustainability Policy and Practice
,,
"Designing an Ethical System of Global Sustainability as a Purposeful System: GEBAT, Global Equity of the Burden Added Tax",,The International Journal of Sustainability Policy and Practice
,,
"Designing an Ethical System of Global Sustainability as a Purposeful System: GEBAT, Global Equity of the Burden Added Tax","        <div class=""overview""> <h4>Abstract</h4><p>Global sustainability is defined as a problem in a multi-dimensional state space where it presents as feasible region. The state of the global environment is controlled to stay within this feasible region through a Burden Added Tax (BAT). In a perfect market, BAT will assure most efficient use of environmental resources. However, it will not reduce, but rather exacerbate existing inequities. Analysis as a purposeful system leads to the Global Equitable Burden Added Tax (GEBAT), which assures an ethically sound and fair distribution of rights to issue environmental burdens to all states in proportion to their population. It defines equalization payments for over- and underuse of burdens. Within this framework every sovereign nation is free to manage environmental burdens as they choose. GEBAT can serve as the basis for global sustainability into an indefinite future. Technical details of implementation are discussed. Since GEBAT levels the playing field between developed and developing countries, any need for foreign aid is obviated. ",The International Journal of Sustainability Policy and Practice
,,
Spatiotemporal Study of Inwards Migration of Low and Unskilled Workers to Kerala (India) and its Effects on Social and Physical,"        <div class=""overview""> <h4>Abstract</h4><p>An unanticipated scale of labour migration from other parts of India to Kerala in the recent past was considered to have a mixed outcome on the overall affairs of the state of Kerala. This migration of unskilled and semi-skilled labour, while making positive contributions to the economic condition in the state, will also pose a threat to the cohesiveness of local communities hosting larger influxes of migrants. This article explores the effects of labour migration on residents\xe2\x80\x99 perceptions of social wellbeing, economic impact, and health and environment aspects. The study uses Analytical Hierarchy Process (AHP) to understand the perception of local residents. Results suggest that inward migration weakens the perception of social wellbeing and the perception towards a healthy living society. But the prospects of economic value creation to society at large impel local residents to create their own mechanisms to cope with the changed reality.",The International Journal of Sustainability Policy and Practice
,,
Our Common Purpose: Understanding the Relationship between Small and Medium Enterprises and their Stakeholders within Sustainability-oriented Innovation,"        <div class=""overview""> <h4>Abstract</h4><p>While stakeholder engagement is central to the sustainability development literature, research has mostly focused on stakeholder pressures or interests. However, recent literature has started exploring stakeholders\xe2\x80\x99 roles as being more collaborative and the impact of their collaboration with firms. Sustainability-oriented innovation necessitates actors with knowledge that exceeds the capabilities of one organization, meaning that sustainability-oriented products and services cannot be created by one organization alone, but require collaboration with its stakeholders. While stakeholder theory aims to create value for all stakeholders, sustainability management believes that creating sustainable value on the economic, environmental, and social levels has to be interlinked with the core business. This article explores the role and impact of the collaboration between small and medium enterprises (SMEs) and their stakeholders within the Sustainability-Oriented Innovation (SOI) process. Our findings show that SMEs and their stakeholders, driven by a shared purpose, form and align with networks to inform, educate, and spread awareness about sustainability. This collaboration impacts the industry by changing core operations of business practices and changes the markets perception of the organization, in addition to having an impact on individual stakeholders\xe2\x80\x99 sense of identity, resulting in the development of stronger relationships with SMEs. This study contributes to the literature of SOI by providing empirical evidence to support the \xe2\x80\x9csustainability-rooted\xe2\x80\x9d strategic sustainability behavior and the \xe2\x80\x9csystems building.\xe2\x80\x9d",The International Journal of Sustainability Policy and Practice
,,
Gypsum Waste: Differences across Ten  European Countries,"        <div class=""overview""> <h4>Abstract</h4><p>The European Gypsum Industry is taking measures to reduce, re-use, and recycle gypsum waste, therefore contributing to the 70% target for preparing for re-use, recycling, and other material recovery of non-hazardous Construction and Demolition (C&amp;amp;D) waste by 2020, set down in Directive 2008/98/EC. An overview of current practices towards higher recycling rates of gypsum waste in ten European countries (Austria, Belgium, Germany, Denmark, France, Italy, the Netherlands, Spain, Poland, and the United Kingdom) is presented: from the type of gypsum waste generated to the diverse technical specifications required for the recycled gypsum. The objective is to analyze peculiarities of each country in the path towards achieving a circular economy in the European Gypsum Industry. The results show how in 5 out of the 10 countries under study\xe2\x80\x94Austria, Germany, Italy, Spain, and Poland\xe2\x80\x94only pre-consumer gypsum waste is being diverted from landfill, whereas in Belgium, Denmark, France, the Netherlands, and the United Kingdom, apart from pre-consumer gypsum waste, gypsum waste coming from construction and demolition building sites (post-consumer gypsum waste) is also being processed, and the resulting recycled gypsum is being successfully reincorporated in the manufacturing process, therefore effectively closing the loop of this material.",The International Journal of Sustainability Policy and Practice
,,
Acceleration of Maritime Development in Indonesia,"        <div class=""overview""> <h4>Abstract</h4><p>This study aims to uncover maritime development policies in Indonesia. This study uses a qualitative methodological approach. The findings are that maritime development policy is a priority of the government, particularly inter-island connectivity, more optimal use of maritime potential, and empowerment of fishermen. However, no innovative programs as a factor that can make Indonesia a great maritime country have been seen. Investment is still minimal, and the quality of human resources and the supporting capacity of technology are still very limited. Communities working in the maritime sector are still in the traditional form, ignoring ecosystems and continuing to exploit the potential of the sea. The blue economy concept is not yet understood and implemented as a creative investment that can create a double profit from any economic activity in the maritime sector. But, the application of blue economy will encourage the economic growth, employment, overcome poverty, and preserve the environment. The institutional system, work programs, and socioeconomic orientation between the government and the community at the local level greatly differ.",The International Journal of Sustainability Policy and Practice
,,
"Toward a Low Carbon City: Community Networks for Developing and Promoting Carbon Emission Reduction Behavior, Khon Kaen, Northeast Thailand",,The International Journal of Sustainability Policy and Practice
,,
"Toward a Low Carbon City: Community Networks for Developing and Promoting Carbon Emission Reduction Behavior, Khon Kaen, Northeast Thailand","        <div class=""overview""> <h4>Abstract</h4><p>The literature shows that people living in urban areas are responsible for three-quarters of global carbon emissions. Developing low carbon cities is therefore crucial to mitigate these emissions. The focus of this study is on efforts to reduce carbon emissions in the urban region of Khon Kaen (120,000 inhabitants), located in northeast Thailand. In 2018, we conducted a qualitative study in four communities in Khon Kaen to gain insight into existing ways of reducing carbon emissions. The results showed that behavior linked to reducing carbon emissions was associated with recycling practices, waste management, and the upgrading of the quality of life, e.g., by developing more sustainable consumption patterns. We found that low carbon city initiatives must first deal with separating household waste and the correct disposal of organic waste, and that community networks are crucial for developing, capturing, and sharing best practices to develop waste management activities that meet the requirements for a transition toward a sustainable low carbon city environment.",The International Journal of Sustainability Policy and Practice
,,
The Value of the Kha Ri Gude Literacy Campaign in Attaining the 2030 Agenda For Sustainable Development Goals: A Case Study of Rural Communities in Three South African Provinces,"        <div class=""overview""> <h4>Abstract</h4><p>This research evaluated the extent to which the long-term goals of the Kha Ri Gude (KRG) mass literacy campaign have been achieved by using the 2030 Agenda for Sustainable Development Goals (SDG) as a benchmark. The literacy campaign, which arose from the Education for All (EFA) goals of the United Nations\xe2\x80\x99 Educational, Scientific and Cultural Organization (UNESCO), was initiated to empower disadvantaged people to become self-reliant and participate more effectively in the economic activities of their communities. In this study, the achievements of the literacy campaign introduced in South Africa in 2008 (called Kha Ri Gude) are weighed up against the first five SDGs to find out if there was any policy cohesion, which is one of the tools for effective community development. This study forms part of an initiative by the Adult Basic Education and Training (ABET) and Youth Development Department of the University of South Africa (Unisa) to assess the implementation of the KRG mass literacy campaign in the Eastern Cape, KwaZulu-Natal, and Limpopo. Since the researcher did not form part of the Unisa team who visited these provinces, secondary sources (such as interview transcripts, journals, and a voice recorder) employed by Unisa\xe2\x80\x99s ABET Department from 2013 to 2015 were used. A qualitative approach and purposeful sampling technique were used to source information-rich participants. The sample consisted of KRG graduates, voluntary educators, and coordinators of the KRG project. The study found that the program had a positive effect on participants and their communities. To some extent, it eradicated poverty, encouraged healthy living, and enhanced female empowerment. This is what the South African government aspires to achieve with the 2030 Agenda for Sustainable Development Goals. However, funds are needed for start-ups to boost livelihoods and to ensure further development.",The International Journal of Sustainability Policy and Practice
,,
Designing Urban Spaces for Sustainable Behaviour: Shaping Communities and Social Conditions through Surveillance\\u2014A Paradox of Public Protection at the Expense of  Personal Privacy,"        <div class=""overview""> <h4>Abstract</h4><p>French philosopher Michel Foucault described the panopticon as \xe2\x80\x9ca figure of political technology that must be detached from any specific use.\xe2\x80\x9d His depiction of panoptic spaces as intolerable and intimidating\xe2\x80\x94however persuasive his sentiment\xe2\x80\x94is arguably outdated as global populations have increased and shifts in technology, urbanization, and human communication and integration have occurred at unprecedented rates. What is true is that panoptic spaces can be used as surreptitious instruments of examination, facilitating the omnipotent observer, but it is not the panoptic space that is evil, rather arguably the intent of an observer without conscience and a perverse mind that allows for it to occur. Electronic surveillance systems used in strategic architectural spaces are powerful instruments of observation positioned with the intent that they detect, prevent, and capture evidence of crime. Increasingly, however, surveillance appears to have little correlation to crime statistics, violence, or behavioural self-modification. This suggests that people in modern urban spaces have become desensitised to the constant observation that occurs in environments that are saturated with surveillance technology in much the same way as the over-use of signage in big cities over-stimulates the senses and becomes indistinct and redundant. Similarly, the overuse of overt surveillance makes the concept of behavioural self-modification fundamentally flawed, and, as such, these systems do little to support sustainable social behaviours that promote active and safe communities when our awareness of surveillance in the urban environment is diminished. This paper examines international examples of urban surveillance and argues that electronic surveillance technologies without a physical and respected authoritarian presence do not dissuade unwanted behaviours. Further, fear-mongering is designed to persuade society that increased surveillance is in the public interest to prevent crime. This paper suggests that the link that supports sustainable social behaviours and social engagement in urban contexts is well-considered design of urban spaces that specifically promote active communities. Many urban spaces, however, consider the placement and integration of surveillance devices as essential, and, where given prominence, this paper will provide commentary on such settings and circumstances where their existence becomes little more than staged environments designed to invade civil liberties and individual privacy.",The International Journal of Sustainability Policy and Practice
,,
Interdependent Preferences and Prospects for Global Sustainability,,The International Journal of Sustainability Policy and Practice
,,
Interdependent Preferences and Prospects for Global Sustainability,"        <div class=""overview""> <h4>Abstract</h4><p>Sustainable outcomes are contingent on collective action. Unless nations cooperate with each other there is little hope they will achieve sustainability at a global scale. Such collective action requires that nations subordinate their own national self-interests to that of the larger global community. Standard economic theory asserts that incentives and/or deterrents are required to restructure a nation\xe2\x80\x99s strategic choices so that its self-interests and social goals are aligned. Indeed, a typical objective of international environmental agreements is to restructure the payoffs from global social dilemmas so that all parties win. Yet, both real-world actions and experimental economics consistently reveal behavior that contradicts predictions of standard economic theory. One explanation is that humans have interdependent preferences, meaning that an individual\xe2\x80\x99s utility is partly a function of others\xe2\x80\x99 payoffs. This paper explores the idea that parties, motivated by relative payoffs, might be unresponsive to incentive structures that are meant to promote cooperative outcomes. If nations behave primarily with regard for relative payoffs, many international agreements may be ineffective despite the appearance of \xe2\x80\x9cwin-win\xe2\x80\x9d situations. Thus, enhancing the efficacy of international environmental agreements requires a better understanding of the extent to which national strategies are influenced by relative considerations.",The International Journal of Sustainability Policy and Practice
,,
Enhancing Public Engagement on Offshore Wind Energy Using \\u201cGenius loci\\u201d: A Case Study from the Lake Michigan Coast,"        <div class=""overview""> <h4>Abstract</h4><p>We describe a novel approach to public engagement with offshore wind energy based on \xe2\x80\x9cgenius loci\xe2\x80\x9d (\xe2\x80\x9cspirit of a place\xe2\x80\x9d). North America has only one offshore wind farm but they could be viable in the Great Lakes. Cultural ties between coastal Michigan, USA, and the Netherlands offered opportunities to learn from the Dutch offshore wind experience. Residents from a Lake Michigan coastal region with Dutch heritage videoconferenced with a Netherlands-based tourism specialist regarding the Egmond aan Zee offshore wind farm. Experts from public agencies and the Coast Guard also made presentations about potential regulation of offshore wind energy development. Important differences and similarities between the regions emerged, including the clustering of technological expertise, tourism effects, and perspectives on working seascapes. Michigan has more private coastal property than the Netherlands, which has implications for the visual/aesthetic impact. About 80% of seminar participants agreed that the Netherlands\xe2\x80\x99 experience with offshore wind was applicable to coastal Michigan suggesting the place-based forum grounded in \xe2\x80\x9cgenius loci\xe2\x80\x9d may have enhanced the public engagement efforts.",The International Journal of Sustainability Policy and Practice
,,
Local Greenhouse Gas Emissions Offsetting,"        <div class=""overview""> <h4>Abstract</h4><p>A guiding framework for the types of changes required to dramatically reduce carbon emissions is one guided by the philosophy of small, local, and integrated. This framework for sustainability in food production, transportation, urban design, and broader local economies has been well developed. However there are no existing local carbon markets where people can trade emissions reductions locally. Further, there are no models that suggest how these might be created. This paper addresses that missing link by investigating the application of the local solution to offsetting emissions. Larger emission exchanges, farmers\xe2\x80\x99 markets, community-supported agriculture, nonprofits, Kiva-like systems, local government, and public radio are all models that are investigated for their applicability to offsetting carbon emissions locally. The potential advantages and disadvantages for each are discussed as well as the areas most likely to yield progress.",The International Journal of Sustainability Policy and Practice
,,
Exploring the Global Nitrogen Challenge: Assessing Barriers to NGO Engagement,,The International Journal of Sustainability Policy and Practice
,,
Exploring the Global Nitrogen Challenge: Assessing Barriers to NGO Engagement,,The International Journal of Sustainability Policy and Practice
,,
Exploring the Global Nitrogen Challenge: Assessing Barriers to NGO Engagement,"        <div class=""overview""> <h4>Abstract</h4><p>Reactive nitrogen is critical in the global food system because of its role in soil fertility, but it has detrimental effects on the environment, human health and the economy. This article explores why, unlike other environmental issues, discussion of nitrogen pollution has not been picked up by the NGO community. It draws on existing research crosscutting environment, economics, public health, and environmental politics as well as relevant social sciences literature in agenda setting and framing. It concludes that the combined effects of the complex nature of the environmental problem; communication challenges; geographic focus; fatigue for &quot;new&quot; environmental programmes; and a challenging political environment make the nitrogen challenge particularly difficult to incorporate into NGO programming. With a burgeoning global population and growing pressure from other environmental stresses, nitrogen management will become increasingly critical to NGO work.",The International Journal of Sustainability Policy and Practice
,,
Analysis of Three Australian State-Level Public Policies: A Stakeholders\\u2019 Perspective,,The International Journal of Sustainability Policy and Practice
,,
Analysis of Three Australian State-Level Public Policies: A Stakeholders\\u2019 Perspective,"        <div class=""overview""> <h4>Abstract</h4><p>This article investigates how different stakeholder groups perceived Tasmania Together, South Australia\xe2\x80\x99s Strategic Plan, and Western Australia\xe2\x80\x99s State Sustainability Strategy as overarching holistic sustainability public policies. In real politics, perception matters more than reality. Hence, understanding stakeholders\xe2\x80\x99 perspectives enabled us to evaluate the perceived benefit and political implications of these policies at the Australian subnational level. In order to execute the research objectives, we conducted semi-structured, face-to-face interviews with a wide range of stakeholders (primary, secondary, and tertiary) across three states: Tasmania, South Australia, and Western Australia. The study revealed that socioeconomic\xe2\x80\x93political discourse of a jurisdiction and the type of public policy adopted by a government are an outcome of geo-economic endowments of the jurisdiction. Lastly, the study also demonstrated how a particular group of stakeholders (primary, secondary, and tertiary) can be more useful over other groups to understand and evaluate certain specific aspects of a public policy.",The International Journal of Sustainability Policy and Practice
,,
"Legal Pluralism, Cultural Values, and Post-Disaster Housing Project in a Philippine Municipality","        <div class=""overview""> <h4>Abstract</h4><p>This article argues that cultural values can act as dominant norms and subvert the state\xe2\x80\x99s official law in the awarding of post-disaster shelters to Typhoon Ondoy (Tropical Storm Ketsana) victims in a housing project in the Philippines. Applying some tenets of legal pluralism and some qualitative data from a case study, this article aims to show how the key Filipino cultural values of \xe2\x80\x9cpalakasan,\xe2\x80\x9d \xe2\x80\x9csakop,\xe2\x80\x9d and \xe2\x80\x9cpadrino system\xe2\x80\x9d acted as the key unofficial laws or informal norms in the government\xe2\x80\x99s post-disaster housing project for Typhoon Ondoy victims, thereby sidestepping the official legal provisions on the awarding of housing units to disaster victims. Specifically, it describes how these cultural values undermined the implementation of the official law on the qualification of applicants and proper awarding of housing units to beneficiaries under the Philippine Disaster Risk Reduction Management Act of 2010 and the Urban Housing and Development Act of 1992 in Southville 8 Housing Project (S8HP), a governmental post-disaster housing project in Rodriguez, Rizal. In a highly politicized environment with plurality of stakeholders and norms in S8HP, the official state regulations became colonized by some powerful groups\xe2\x80\x99 dominant cultural values that acted as \xe2\x80\x9cunofficial laws\xe2\x80\x9d in the distribution of the housing units as shown by this study, resulting in the awarding of shelters to disqualified beneficiaries, forfeiting the intended effects of the state law. Ultimately, it argues that the law is not what the official state law says \xe2\x80\x9cit is\xe2\x80\x99 but what powerful individuals and groups say \xe2\x80\x9cit is\xe2\x80\x9d in actual social practice. It debunks the belief of legal formalists who advocate legal positivism and centralism, claiming that the law can deliver what it promises under the \xe2\x80\x9crule of law\xe2\x80\x9d principle.",The International Journal of Sustainability Policy and Practice
,,
Know Your Rights: Earth Jurisprudence and Environmental Politics in the Americas,,The International Journal of Sustainability Policy and Practice
,,
Know Your Rights: Earth Jurisprudence and Environmental Politics in the Americas,"        <div class=""overview""> <h4>Abstract</h4><p>Two Andean countries \xe2\x80\x93 Ecuador and Bolivia \xe2\x80\x93 have politically recognised the rights of nature, an idea that is also gaining traction at the sub-federal in the United States and at the United Nations. The origins of the concept can be traced to the cultures of indigenous peoples of the Americas as well as to the work of American legal scholar Christopher Stone. Recognition of nature\xe2\x80\x99s rights holds out the possibility of an alternative approach to environmental management and to a fundamentally redefined relationship between nature and society. However, upholding rights of nature in practice leads to tension with four other sets of rights in environmental politics: the rights of the state, human rights, property rights and the rights of business corporations. Even in Ecuador and Bolivia, the first two countries to recognise this new jurisprudence, rights of nature do not always prevail over these other rights.",The International Journal of Sustainability Policy and Practice
,,
Perceptions of GRI Reporting Guidelines,"        <div class=""overview""> <h4>Abstract</h4><p>One of the major efforts in sustainability management is the Global Reporting Initiative (GRI).  Since its inception in 2000, the initiative has evolved several times in responding to the call by stakeholders for higher standards in sustainability reporting.  The literature provides very little information regarding whether the initiative meets the expectations of the stakeholders and how sustainability is perceived by the stakeholders.  This paper surveyed and examined the perception of GRI reporting guidelines by the preparers and a specific group of users, the financial analysts.  We found that both preparers and users consider GRI reports as useful and relevant, and we did not identify a significant difference between the perceptions of the two groups.  The convergence of their perceptions is encouraging because it represents an agreement on the relevance of the GRI Guidelines and its potential for mandatory disclosure.",The International Journal of Sustainability Policy and Practice